品目コード,品名,MKライン,MK流量(㎏/h),FKライン,FK流量(㎏/h),KOライン,KO流量(㎏/h),"KOスライス
ノズルサイズ","KOS使用
段ボール",一般マーガリン製品,プレミアムスター製品,MK特殊品,ファットスプレッド製品,KOスライス製品,エレバール,エレバールFB　Ⅱ,FHシリーズ,ランディ,アロマゴールド,アロマーデソフト,ジェネルー,バター,バレット,リス,ＳＯＺＡ　Ｙ,ネオシュー,ｿｼｴﾙｼﾘｰｽﾞ,アレルゲン,(一般マーガリンのみ)区分,色,香料,乳化剤,塩,窒素ガス,荷姿,バッチ制限,1品種Nバッチ,特記事項
25105321830,ﾏﾙｼｴBL7(S),○,4000,○,3800,×,-,×,-,○,×,×,×,×,×,×,×,×,×,×,×,×,×,×,×,×,×,B,B-2-1,×,○,○,無し,×,段,×,×,
25105321870,ﾏﾙｼｴBL7(H),○,4000,○,3800,×,-,×,-,○,×,×,×,×,×,×,×,×,×,×,×,×,×,×,×,×,×,B,B-2-1,×,○,○,無し,×,段,×,×,
25105721830,ND10(S),○,4000,○,3200,×,-,×,-,○,×,×,×,×,×,×,×,×,×,×,×,×,×,×,×,×,×,A,A-3-2,○,○,○,普通,○,段,×,×,
25105721870,ND10(H),○,4000,○,3200,×,-,×,-,○,×,×,×,×,×,×,×,×,×,×,×,×,×,×,×,×,×,A,A-3-2,○,○,○,普通,○,段,×,×,
25106221830,ｱﾛﾏｽﾀ-(S),限定,3500,×,-,×,-,×,-,×,○,×,×,×,×,×,×,×,×,×,×,×,×,×,×,×,×,B,Pｽﾀｰ,○,○,○,普通,×,段,×,×,
25106221870,ｱﾛﾏｽﾀ-(H),限定,3500,×,-,×,-,×,-,×,○,×,×,×,×,×,×,×,×,×,×,×,×,×,×,×,×,B,Pｽﾀｰ,○,○,○,普通,×,段,×,×,
25107621810,ﾈｵｸﾘ-ﾐ-G-TL(SS),○,4000,○,3800,×,-,×,-,○,×,×,×,×,×,×,×,×,×,×,×,×,×,×,×,×,×,B,B-3-3,○,○,○,普通,×,段,×,×,MK限定
25107621830,ﾈｵｸﾘ-ﾐ-G-TL(S),○,4000,○,3800,×,-,×,-,○,×,×,×,×,×,×,×,×,×,×,×,×,×,×,×,×,×,B,B-3-3,○,○,○,普通,×,段,×,×,MK限定
25107621850,ﾈｵｸﾘ-ﾐ-G-TL(M),○,4000,○,3800,×,-,×,-,○,×,×,×,×,×,×,×,×,×,×,×,×,×,×,×,×,×,B,B-3-3,○,○,○,普通,×,段,×,×,MK限定
25107621870,ﾈｵｸﾘ-ﾐ-G-TL(H),○,4000,○,3800,×,-,×,-,○,×,×,×,×,×,×,×,×,×,×,×,×,×,×,×,×,×,B,B-3-3,○,○,○,普通,×,段,×,×,MK限定
25108021830,ﾏﾙｼｴﾌﾞﾙﾀｰﾆﾕ20(10K)S,○,4000,○,3200,○,3200,×,-,○,×,×,×,×,×,×,×,×,×,×,×,×,×,×,×,×,×,B,B-3-1,○,○,○,無し,×,段,1,×,1日1ﾊﾞｯﾁ上限連続不可
25108021850,ﾏﾙｼｴﾌﾞﾙﾀｰﾆﾕ20(10K)M,○,4000,○,3200,○,3200,×,-,○,×,×,×,×,×,×,×,×,×,×,×,×,×,×,×,×,×,B,B-3-1,○,○,○,無し,×,段,1,×,1日1ﾊﾞｯﾁ上限連続不可
25109621830,ｱﾛﾏ-ﾃﾞｿﾌﾄ(S),○,4000,○,3200,×,-,×,-,○,×,×,×,×,×,×,×,×,×,○,×,×,×,×,×,×,×,B,最終,×,×,×,普通,×,段,×,×,MK or FK最終限定、前ﾊﾞｯﾁに規制はない
25109621850,ｱﾛﾏ-ﾃﾞｿﾌﾄ(M),○,4000,○,3200,×,-,×,-,○,×,×,×,×,×,×,×,×,×,○,×,×,×,×,×,×,×,B,最終,×,×,×,普通,×,段,×,×,MK or FK最終限定、前ﾊﾞｯﾁに規制はない
25109621870,ｱﾛﾏ-ﾃﾞｿﾌﾄ(H),○,4000,○,3200,×,-,×,-,○,×,×,×,×,×,×,×,×,×,○,×,×,×,×,×,×,×,B,最終,×,×,×,普通,×,段,×,×,MK or FK最終限定、前ﾊﾞｯﾁに規制はない
25109721830,ﾊｲｿﾌﾄQ-Y(S),○,4000,○,3200,×,-,×,-,○,×,×,×,×,×,×,×,×,×,×,×,×,×,×,×,×,×,A,初回,×,×,×,普通,○,段,×,×,次ﾊﾞｯﾁにND10・ｿﾌﾄﾌｧｲﾝ・ｿﾌﾄｽﾍﾟｼｬﾙを組めない場合洗浄
25111921830,ﾈｵｸﾘ-ﾐ-(ﾊﾁﾐﾂ) (S),○,4000,○,3200,○,3200,×,-,○,×,×,×,×,×,×,×,×,×,×,×,×,×,×,×,×,×,B,最終,○,○,○,普通,×,段,×,×,
25111921850,ﾈｵｸﾘ-ﾐ-(ﾊﾁﾐﾂ) (M),○,4000,○,3200,○,3200,×,-,○,×,×,×,×,×,×,×,×,×,×,×,×,×,×,×,×,×,B,最終,○,○,○,普通,×,段,×,×,
25111921870,ﾈｵｸﾘ-ﾐ-(ﾊﾁﾐﾂ) (H),○,4000,○,3200,○,3200,×,-,○,×,×,×,×,×,×,×,×,×,×,×,×,×,×,×,×,×,B,最終,○,○,○,普通,×,段,×,×,
25112400020,ﾌｱﾝｼ- ｿﾌﾄ 9X2 (2),○,3200,○,3200,○,3200,×,-,○,×,×,×,×,×,×,×,×,×,×,×,×,×,×,×,×,×,A,A-3-1,○,○,○,高,×,缶,×,×,荷姿；缶で一般マーガリン
25112400030,ﾌｱﾝｼ- ｿﾌﾄ 9X2 (3),○,3200,○,3200,○,3200,×,-,○,×,×,×,×,×,×,×,×,×,×,×,×,×,×,×,×,×,A,A-3-1,○,○,○,高,×,缶,×,×,荷姿；缶で一般マーガリン
25112400040,ﾌｱﾝｼ- ｿﾌﾄ 9X2 (4),○,3200,○,3200,○,3200,×,-,○,×,×,×,×,×,×,×,×,×,×,×,×,×,×,×,×,×,A,A-3-1,○,○,○,高,×,缶,×,×,荷姿；缶で一般マーガリン
25112400050,ﾌｱﾝｼ- ｿﾌﾄ 9X2 (5),○,3200,○,3200,○,3200,×,-,○,×,×,×,×,×,×,×,×,×,×,×,×,×,×,×,×,×,A,A-3-1,○,○,○,高,×,缶,×,×,荷姿；缶で一般マーガリン
25112400060,ﾌｱﾝｼ- ｿﾌﾄ 9X2 (6),○,3200,○,3200,○,3200,×,-,○,×,×,×,×,×,×,×,×,×,×,×,×,×,×,×,×,×,A,A-3-1,○,○,○,高,×,缶,×,×,荷姿；缶で一般マーガリン
25113522040,ﾛﾘｱﾝCSK (4),○,4000,○,3800,○,4000,×,-,○,×,×,×,×,×,×,×,×,×,×,×,×,×,×,×,×,×,A,A-3-3,○,○,○,低,×,段,×,×,
25113621830,FPV(S),○,4000,○,3800,○,4000,×,-,○,×,×,×,×,×,×,×,×,×,×,×,×,×,×,×,×,×,A,A-1-1-2,×,○,○,無し,×,段,×,×,
25113621850,FPV(M),○,4000,○,3800,○,4000,×,-,○,×,×,×,×,×,×,×,×,×,×,×,×,×,×,×,×,×,A,A-1-1-2,×,○,○,無し,×,段,×,×,
25113621870,FPV(H),○,4000,○,3800,○,4000,×,-,○,×,×,×,×,×,×,×,×,×,×,×,×,×,×,×,×,×,A,A-1-1-2,×,○,○,無し,×,段,×,×,
25113721830,ｼﾞﾖﾆ-7(ﾑ)-AF(S),○,4000,×,-,○,4000,×,-,○,×,×,×,×,×,×,×,×,×,×,×,×,×,×,×,×,×,B,B-3-2,○,○,○,低,×,段,×,×,
25113721850,ｼﾞﾖﾆ-7(ﾑ)-AF(M),○,4000,×,-,○,4000,×,-,○,×,×,×,×,×,×,×,×,×,×,×,×,×,×,×,×,×,B,B-3-2,○,○,○,低,×,段,×,×,
25113721870,ｼﾞﾖﾆ-7(ﾑ)-AF(H),○,4000,×,-,○,4000,×,-,○,×,×,×,×,×,×,×,×,×,×,×,×,×,×,×,×,×,B,B-3-2,○,○,○,低,×,段,×,×,
25115421830,ﾛﾜ-ﾙｿﾌﾄ-TL(S),○,4000,○,3200,○,3200,×,-,○,×,×,×,×,×,×,×,×,×,×,×,×,×,×,×,×,×,B,B-3-3,○,○,○,普通,×,段,×,×,
25115421850,ﾛﾜ-ﾙｿﾌﾄ-TL(M),○,4000,○,3200,○,3200,×,-,○,×,×,×,×,×,×,×,×,×,×,×,×,×,×,×,×,×,B,B-3-3,○,○,○,普通,×,段,×,×,
25115421870,ﾛﾜ-ﾙｿﾌﾄ-TL(H),○,4000,○,3200,○,3200,×,-,○,×,×,×,×,×,×,×,×,×,×,×,×,×,×,×,×,×,B,B-3-4,○,○,○,高,×,段,×,×,"流量1/2(2,000㎏/h)　KO限定"
25115521830,ﾈｵｸﾘ-ﾐ-DX-TL(S),×,-,×,-,限定,2000,×,-,○,×,×,×,×,×,×,×,×,×,×,×,×,×,×,×,×,×,B,B-3-3,○,○,○,普通,×,段,×,×,"流量1/2(2,000㎏/h)　KO限定"
25115521850,ﾈｵｸﾘ-ﾐ-DX-TL(M),×,-,×,-,限定,2000,×,-,○,×,×,×,×,×,×,×,×,×,×,×,×,×,×,×,×,×,B,B-3-3,○,○,○,普通,×,段,×,×,"流量1/2(2,000㎏/h)　KO限定"
25115521870,ﾈｵｸﾘ-ﾐ-DX-TL(H),×,-,×,-,限定,2000,×,-,○,×,×,×,×,×,×,×,×,×,×,×,×,×,×,×,×,×,B,B-3-3,○,○,○,普通,×,段,×,×,"流量1/2(2,000㎏/h)　KO限定"
25115611020,ﾛﾜ-ﾙｿﾌﾄ 9X2 (2),○,3200,○,3200,○,3200,×,-,○,×,×,×,×,×,×,×,×,×,×,×,×,×,×,×,×,×,B,B-3-3,○,○,○,普通,×,缶,×,×,荷姿；缶で一般マーガリン
25115611030,ﾛﾜ-ﾙｿﾌﾄ 9X2 (3),○,3200,○,3200,○,3200,×,-,○,×,×,×,×,×,×,×,×,×,×,×,×,×,×,×,×,×,B,B-3-3,○,○,○,普通,×,缶,×,×,荷姿；缶で一般マーガリン
25115611040,ﾛﾜ-ﾙｿﾌﾄ 9X2 (4),○,3200,○,3200,○,3200,×,-,○,×,×,×,×,×,×,×,×,×,×,×,×,×,×,×,×,×,B,B-3-3,○,○,○,普通,×,缶,×,×,荷姿；缶で一般マーガリン
25115611050,ﾛﾜ-ﾙｿﾌﾄ 9X2 (5),○,3200,○,3200,○,3200,×,-,○,×,×,×,×,×,×,×,×,×,×,×,×,×,×,×,×,×,B,B-3-3,○,○,○,普通,×,缶,×,×,荷姿；缶で一般マーガリン
25115611060,ﾛﾜ-ﾙｿﾌﾄ 9X2 (6),○,3200,○,3200,○,3200,×,-,○,×,×,×,×,×,×,×,×,×,×,×,×,×,×,×,×,×,B,B-3-3,○,○,○,普通,×,缶,×,×,荷姿；缶で一般マーガリン
25117021020,ｺﾞ-ﾙﾄﾞﾀｸﾄTMB (2),○,4000,○,3200,○,3200,×,-,○,×,×,×,×,×,×,×,×,×,×,×,×,×,×,×,×,×,B,B-3-4,○,○,○,高,×,段,×,×,
25117021030,ｺﾞ-ﾙﾄﾞﾀｸﾄTMB (3),○,4000,○,3200,○,3200,×,-,○,×,×,×,×,×,×,×,×,×,×,×,×,×,×,×,×,×,B,B-3-4,○,○,○,高,×,段,×,×,
25117021040,ｺﾞ-ﾙﾄﾞﾀｸﾄTMB (4),○,4000,○,3200,○,3200,×,-,○,×,×,×,×,×,×,×,×,×,×,×,×,×,×,×,×,×,B,B-3-4,○,○,○,高,×,段,×,×,
25117021050,ｺﾞ-ﾙﾄﾞﾀｸﾄTMB (5),○,4000,○,3200,○,3200,×,-,○,×,×,×,×,×,×,×,×,×,×,×,×,×,×,×,×,×,B,B-3-4,○,○,○,高,×,段,×,×,
25119021830,ﾌﾛｲﾃﾞﾌﾟﾚﾐｱﾑ (S),○,4000,○,3800,○,4000,×,-,○,×,×,×,×,×,×,×,×,×,×,×,×,×,×,×,×,×,A,A-1-2,○,○,○,無し,×,段,×,×,
25119021870,ﾌﾛｲﾃﾞﾌﾟﾚﾐｱﾑ (H),○,4000,○,3800,○,4000,×,-,○,×,×,×,×,×,×,×,×,×,×,×,×,×,×,×,×,×,A,A-1-2,○,○,○,無し,×,段,×,×,
25119123850,ﾌﾛｲﾃﾞﾌﾟﾚﾐｱﾑN,○,4000,○,3200,×,-,×,-,○,×,×,×,×,×,×,×,×,×,×,×,×,×,×,×,×,×,A,A-3-2,○,○,○,普通,○,段,×,×,バーコード貼り付けあり。人員都合で公出生産不可。
25119124850,ﾌﾛｲﾃﾞﾌﾟﾚﾐｱﾑN DIR,○,4000,○,3200,○,3200,×,-,○,×,×,×,×,×,×,×,×,×,×,×,×,×,×,×,×,×,A,A-3-2,○,○,○,普通,×,段,×,×,バーコード貼り付けあり。人員都合で公出生産不可。
25119621810,ﾌﾛｲﾃﾞﾌﾟﾚﾐｱﾑ PV(SS),○,4000,○,3800,○,4000,×,-,○,×,×,×,×,×,×,×,×,×,×,×,×,×,×,×,×,×,A,A-1-2,○,○,○,無し,×,段,×,×,
25119621830,ﾌﾛｲﾃﾞﾌﾟﾚﾐｱﾑ PV(S),○,4000,○,3800,○,4000,×,-,○,×,×,×,×,×,×,×,×,×,×,×,×,×,×,×,×,×,A,A-1-2,○,○,○,無し,×,段,×,×,
25119621850,ﾌﾛｲﾃﾞﾌﾟﾚﾐｱﾑ PV(M),○,4000,○,3800,○,4000,×,-,○,×,×,×,×,×,×,×,×,×,×,×,×,×,×,×,×,×,A,A-1-2,○,○,○,無し,×,段,×,×,
25119621870,ﾌﾛｲﾃﾞﾌﾟﾚﾐｱﾑ PV(H),○,4000,○,3800,○,4000,×,-,○,×,×,×,×,×,×,×,×,×,×,×,×,×,×,×,×,×,A,A-1-2,○,○,○,無し,×,段,×,×,
25121621810,ﾛﾜｰﾙｿﾌﾄCPﾌﾟﾚﾐｱﾑ(SS),○,4000,○,3200,○,3200,×,-,○,×,×,×,×,×,×,×,×,×,×,×,×,×,×,×,×,×,B,B-3-3,○,○,○,普通,×,段,×,×,
25121621830,ﾛﾜｰﾙｿﾌﾄCPﾌﾟﾚﾐｱﾑ(S),○,4000,○,3200,○,3200,×,-,○,×,×,×,×,×,×,×,×,×,×,×,×,×,×,×,×,×,B,B-3-3,○,○,○,普通,×,段,×,×,
25121621850,ﾛﾜｰﾙｿﾌﾄCPﾌﾟﾚﾐｱﾑ(M),○,4000,○,3200,○,3200,×,-,○,×,×,×,×,×,×,×,×,×,×,×,×,×,×,×,×,×,B,B-3-3,○,○,○,普通,×,段,×,×,
25121621870,ﾛﾜｰﾙｿﾌﾄCPﾌﾟﾚﾐｱﾑ(H),○,4000,○,3200,○,3200,×,-,○,×,×,×,×,×,×,×,×,×,×,×,×,×,×,×,×,×,B,B-3-3,○,○,○,普通,×,段,×,×,
25121722830,ﾏﾙﾆｼﾛﾏ-ｶﾞﾘﾝ-TL (S),○,4000,○,3800,○,4000,×,-,○,×,×,×,×,×,×,×,×,×,×,×,×,×,×,×,×,×,A,A-1-1-1,×,×,○,低,×,段,×,×,
25121722850,ﾏﾙﾆｼﾛﾏ-ｶﾞﾘﾝ-TL (M),○,4000,○,3800,○,4000,×,-,○,×,×,×,×,×,×,×,×,×,×,×,×,×,×,×,×,×,A,A-1-1-1,×,×,○,低,×,段,×,×,
25121722870,ﾏﾙﾆｼﾛﾏ-ｶﾞﾘﾝ-TL(H),○,4000,○,3800,○,4000,×,-,○,×,×,×,×,×,×,×,×,×,×,×,×,×,×,×,×,×,A,A-1-1-1,×,×,○,低,×,段,×,×,
25121722890,ﾏﾙﾆｼﾛﾏ-ｶﾞﾘﾝ-TL(HH),○,4000,○,3800,○,4000,×,-,○,×,×,×,×,×,×,×,×,×,×,×,×,×,×,×,×,×,A,A-1-1-1,×,×,○,低,×,段,×,×,
25122212830,FPﾏ-ｶﾞﾘﾝ(S),○,4000,○,3800,○,4000,×,-,○,×,×,×,×,×,×,×,×,×,×,×,×,×,×,×,×,×,A,A-1-2,○,○,○,無し,×,缶,×,×,荷姿；缶で一般マーガリン。追加人員必要なため公出不可
25122212850,FPﾏ-ｶﾞﾘﾝ(M),○,4000,○,3800,○,4000,×,-,○,×,×,×,×,×,×,×,×,×,×,×,×,×,×,×,×,×,A,A-1-2,○,○,○,無し,×,缶,×,×,荷姿；缶で一般マーガリン。追加人員必要なため公出不可
25122212870,FPﾏ-ｶﾞﾘﾝ(H),○,4000,○,3800,○,4000,×,-,○,×,×,×,×,×,×,×,×,×,×,×,×,×,×,×,×,×,A,A-1-2,○,○,○,無し,×,缶,×,×,荷姿；缶で一般マーガリン。追加人員必要なため公出不可
25123422030,ﾃﾞﾗｯｸｽｺﾞｰﾙﾄﾞ(3),○,4000,○,3800,○,4000,×,-,○,×,×,×,×,×,×,×,×,×,×,×,○,×,×,×,×,×,B,B-3-3,○,○,○,普通,×,段,×,×,
25123422040,ﾃﾞﾗｯｸｽｺﾞｰﾙﾄﾞ(4),○,4000,○,3800,○,4000,×,-,○,×,×,×,×,×,×,×,×,×,×,×,○,×,×,×,×,×,B,B-3-3,○,○,○,普通,×,段,×,×,
25124221020,ﾛﾘｱﾝ 2,○,4000,○,3800,○,4000,×,-,○,×,×,×,×,×,×,×,×,×,×,×,×,×,×,×,×,×,A,A-3-3,○,○,○,低,×,段,×,×,
25124223020,ﾛﾘｱﾝ DIR (2),○,4000,○,3800,○,4000,×,-,○,×,×,×,×,×,×,×,×,×,×,×,×,×,×,×,×,×,A,A-3-3,○,○,○,低,×,段,×,×,ﾃﾝﾊﾟ品の為、倉庫容量を考慮する事。
25124521030,ｼﾞﾔﾈﾂﾄ (3),○,4000,○,3200,○,3200,×,-,○,×,×,×,×,×,×,×,×,×,×,×,×,×,×,×,×,×,A,A-1-2,○,○,○,無し,×,段,×,×,ﾃﾝﾊﾟ品の為、倉庫容量を考慮する事。
25124521040,ｼﾞﾔﾈﾂﾄ (4),○,4000,○,3200,○,3200,×,-,○,×,×,×,×,×,×,×,×,×,×,×,×,×,×,×,×,×,A,A-1-2,○,○,○,無し,×,段,×,×,ﾃﾝﾊﾟ品の為、倉庫容量を考慮する事。
25124521050,ｼﾞﾔﾈﾂﾄ (5),○,4000,○,3200,○,3200,×,-,○,×,×,×,×,×,×,×,×,×,×,×,×,×,×,×,×,×,A,A-1-2,○,○,○,無し,×,段,×,×,ﾃﾝﾊﾟ品の為、倉庫容量を考慮する事。
25124521060,ｼﾞﾔﾈﾂﾄ (6),○,4000,○,3200,○,3200,×,-,○,×,×,×,×,×,×,×,×,×,×,×,×,×,×,×,×,×,A,A-1-2,○,○,○,無し,×,段,×,×,ﾃﾝﾊﾟ品の為、倉庫容量を考慮する事。
25124621030,ﾛﾘｱﾝ-TL(3),○,4000,○,3800,○,4000,×,-,○,×,×,×,×,×,×,×,×,×,×,×,×,×,×,×,×,×,A,A-3-3,○,○,○,低,×,段,×,×,
25124621040,ﾛﾘｱﾝ-TL(4),○,4000,○,3800,○,4000,×,-,○,×,×,×,×,×,×,×,×,×,×,×,×,×,×,×,×,×,A,A-3-3,○,○,○,低,×,段,○,×,MKラインのみ2バッチ連続まで。
25124821830,ｼﾞﾖﾆ-7(ﾑ)-TL(S),○,4000,○,3800,○,4000,×,-,○,×,×,×,×,×,×,×,×,×,×,×,×,×,×,×,×,×,B,B-3-2,○,○,○,低,×,段,×,×,
25124821850,ｼﾞﾖﾆ-7(ﾑ)-TL(M),○,4000,○,3800,○,4000,×,-,○,×,×,×,×,×,×,×,×,×,×,×,×,×,×,×,×,×,B,B-3-2,○,○,○,低,×,段,×,×,
25124821870,ｼﾞﾖﾆ-7(ﾑ)-TL(H),○,4000,○,3800,○,4000,×,-,○,×,×,×,×,×,×,×,×,×,×,×,×,×,×,×,×,×,B,B-3-2,○,○,○,低,×,段,×,×,
25124823830,ｼﾞﾖﾆ-7(ﾑ)-TL DIR(S),○,4000,○,3800,○,4000,×,-,○,×,×,×,×,×,×,×,×,×,×,×,×,×,×,×,×,×,B,B-3-2,○,○,○,低,×,段,×,×,
25124823850,ｼﾞﾖﾆ-7(ﾑ)-TL DIR(M),○,4000,○,3800,○,4000,×,-,○,×,×,×,×,×,×,×,×,×,×,×,×,×,×,×,×,×,B,B-3-2,○,○,○,低,×,段,×,×,
25125622030,ﾏﾙﾆｼﾛAT-2-TL(32),○,4000,○,3800,○,4000,×,-,○,×,×,×,×,×,×,×,×,×,×,×,×,×,×,×,×,×,A,A-1-1-2,×,○,○,無し,×,段,×,×,受注生産で検品する為、月曜日限定　ﾃﾝﾊﾟ品の為、倉庫容量を考慮する事。
25125622040,ﾏﾙﾆｼﾛAT-2-TL(35),○,4000,○,3800,○,4000,×,-,○,×,×,×,×,×,×,×,×,×,×,×,×,×,×,×,×,×,A,A-1-1-2,×,○,○,無し,×,段,×,×,受注生産で検品する為、月曜日限定　ﾃﾝﾊﾟ品の為、倉庫容量を考慮する事。
25125622060,ﾏﾙﾆｼﾛAT-2-TL(38),○,4000,○,3800,○,4000,×,-,○,×,×,×,×,×,×,×,×,×,×,×,×,×,×,×,×,×,A,A-1-1-2,×,○,○,無し,×,段,×,×,受注生産で検品する為、月曜日限定　ﾃﾝﾊﾟ品の為、倉庫容量を考慮する事。
25127221850,ﾌﾟﾚﾐｱﾑｽﾀ-DX(M),限定,3500,×,-,×,-,×,-,×,○,×,×,×,×,×,×,×,×,×,×,×,×,×,×,×,×,B,Pｽﾀｰ,○,○,○,普通,×,段,×,×,
25127222850,ﾌﾟﾚﾐｱﾑｽﾀ-DX(12.5K)M,限定,3500,×,-,×,-,×,-,×,○,×,×,×,×,×,×,×,×,×,×,×,×,×,×,×,×,B,Pｽﾀｰ,○,○,○,普通,×,段,×,×,
25127223850,ﾌﾟﾚﾐｱﾑｽﾀ-DX(14K)(M),限定,3500,×,-,×,-,×,-,×,○,×,×,×,×,×,×,×,×,×,×,×,×,×,×,×,×,B,Pｽﾀｰ,○,○,○,普通,×,段,×,×,
25129621830,ｱﾛﾏｺﾞ-ﾙﾄﾞ(S),○,4000,○,3800,×,-,×,-,○,×,×,×,×,×,×,×,×,○,×,×,○,×,×,×,×,×,B,最終,○,○,○,無し,×,段,×,×,MK or FK最終限定、前ﾊﾞｯﾁは塩無しを組む　土曜日生産NG
25129621870,ｱﾛﾏｺﾞ-ﾙﾄﾞ(H),○,4000,○,3800,×,-,×,-,○,×,×,×,×,×,×,×,×,○,×,×,○,×,×,×,×,×,B,最終,○,○,○,無し,×,段,×,×,MK or FK最終限定、前ﾊﾞｯﾁは塩無しを組む　土曜日生産NG
25129621890,ｱﾛﾏｺﾞ-ﾙﾄﾞ(HH),○,4000,○,3800,×,-,×,-,○,×,×,×,×,×,×,×,×,○,×,×,○,×,×,×,×,×,B,最終,○,○,○,無し,×,段,×,×,MK or FK最終限定、前ﾊﾞｯﾁは塩無しを組む　土曜日生産NG
25130621830,ｼﾙﾋﾞｱFM-TL(S),○,4000,○,3200,○,3200,×,-,○,×,×,×,×,×,×,×,×,×,×,×,×,×,×,×,×,×,B,B-3-3,○,○,○,普通,×,段,×,×,
25130621850,ｼﾙﾋﾞｱFM-TL(M),○,4000,○,3200,○,3200,×,-,○,×,×,×,×,×,×,×,×,×,×,×,×,×,×,×,×,×,B,B-3-3,○,○,○,普通,×,段,×,×,
25130621870,ｼﾙﾋﾞｱFM-TL(H),○,4000,○,3200,○,3200,×,-,○,×,×,×,×,×,×,×,×,×,×,×,×,×,×,×,×,×,B,B-3-3,○,○,○,普通,×,段,×,×,
25130722000,ｱﾛﾏｰﾃﾞﾊﾟﾌ9K,×,-,○,2900,○,2900,×,-,○,×,×,×,×,×,×,×,×,×,×,×,×,×,×,×,○,×,B,最終,○,○,○,普通,×,段,×,×,FK or KO最終限定、初回バッチからネオシューは計画できない
25131821810,ﾌﾟﾚﾐｱﾑﾏ-ｶﾞﾘﾝNA(S),○,4000,×,-,×,-,×,-,○,×,×,×,×,×,×,×,×,×,×,×,×,×,×,×,×,×,A,初回,○,○,○,無し,○,段,×,×,低水分の為、MK初回限定
25131821830,ﾌﾟﾚﾐｱﾑﾏ-ｶﾞﾘﾝNA(H),○,4000,×,-,×,-,×,-,○,×,×,×,×,×,×,×,×,×,×,×,×,×,×,×,×,×,A,初回,○,○,○,無し,○,段,×,×,低水分の為、MK初回限定
25131821850,ﾌﾟﾚﾐｱﾑﾏ-ｶﾞﾘﾝNA(HH),○,4000,×,-,×,-,×,-,○,×,×,×,×,×,×,×,×,×,×,×,×,×,×,×,×,×,A,初回,○,○,○,無し,○,段,×,×,低水分の為、MK初回限定
25134622830,OSKﾏ-ｶﾞﾘﾝ(S),○,4000,○,4000,○,4000,×,-,○,×,×,×,×,×,×,×,×,×,×,×,×,×,×,×,×,×,A,A-1-2,○,○,○,無し,×,段,×,×,
25134622870,OSKﾏ-ｶﾞﾘﾝ(H),○,4000,○,4000,○,4000,×,-,○,×,×,×,×,×,×,×,×,×,×,×,×,×,×,×,×,×,A,A-1-2,○,○,○,無し,×,段,×,×,
25134921020,ﾎﾟﾜﾛ(2),○,4000,○,3200,○,3200,×,-,○,×,×,×,×,×,×,×,×,×,×,×,×,×,×,×,×,×,A,A-1-2,○,○,○,無し,×,段,×,×,
25134921030,ﾎﾟﾜﾛ (3),○,4000,○,3200,○,3200,×,-,○,×,×,×,×,×,×,×,×,×,×,×,×,×,×,×,×,×,A,A-1-2,○,○,○,無し,×,段,×,×,
25134921040,ﾎﾟﾜﾛ (4),○,4000,○,3200,○,3200,×,-,○,×,×,×,×,×,×,×,×,×,×,×,×,×,×,×,×,×,A,A-1-2,○,○,○,無し,×,段,×,×,
25134921050,ﾎﾟﾜﾛ (5),○,4000,○,3200,○,3200,×,-,○,×,×,×,×,×,×,×,×,×,×,×,×,×,×,×,×,×,A,A-1-2,○,○,○,無し,×,段,×,×,
25134921060,ﾎﾟﾜﾛ (6),○,4000,○,3200,○,3200,×,-,○,×,×,×,×,×,×,×,×,×,×,×,×,×,×,×,×,×,A,A-1-2,○,○,○,無し,×,段,×,×,
25134921070,ﾎﾟﾜﾛ (7),○,4000,○,3200,○,3200,×,-,○,×,×,×,×,×,×,×,×,×,×,×,×,×,×,×,×,×,A,A-1-2,○,○,○,無し,×,段,×,×,
25135421020,OSF(2),限定,4000,×,-,×,-,×,-,○,×,×,×,×,×,×,×,×,×,×,×,×,×,×,×,×,×,A,初回,○,○,○,普通,×,段,×,×,
25135421030,OSF(3),限定,4000,×,-,×,-,×,-,○,×,×,×,×,×,×,×,×,×,×,×,×,×,×,×,×,×,A,初回,○,○,○,普通,×,段,×,×,
25135421040,OSF(4),限定,4000,×,-,×,-,×,-,○,×,×,×,×,×,×,×,×,×,×,×,×,×,×,×,×,×,A,初回,○,○,○,普通,×,段,×,×,
25135421050,OSF(5),限定,4000,×,-,×,-,×,-,○,×,×,×,×,×,×,×,×,×,×,×,×,×,×,×,×,×,A,初回,○,○,○,普通,×,段,×,×,
25135421060,OSF(6),限定,4000,×,-,×,-,×,-,○,×,×,×,×,×,×,×,×,×,×,×,×,×,×,×,×,×,A,初回,○,○,○,普通,×,段,×,×,
25135521020,ﾌﾞﾛﾝﾃ (2),○,4000,○,3800,○,4000,×,-,○,×,×,×,×,×,×,×,×,×,×,×,×,×,×,×,×,×,A,A-1-2,○,○,○,無し,×,段,×,×,
25135521030,ﾌﾞﾛﾝﾃ (3),○,4000,○,3800,○,4000,×,-,○,×,×,×,×,×,×,×,×,×,×,×,×,×,×,×,×,×,A,A-1-2,○,○,○,無し,×,段,×,×,
25135521040,ﾌﾞﾛﾝﾃ (4),○,4000,○,3800,○,4000,×,-,○,×,×,×,×,×,×,×,×,×,×,×,×,×,×,×,×,×,A,A-1-2,○,○,○,無し,×,段,×,×,
25135521050,ﾌﾞﾛﾝﾃ (5),○,4000,○,3800,○,4000,×,-,○,×,×,×,×,×,×,×,×,×,×,×,×,×,×,×,×,×,A,A-1-2,○,○,○,無し,×,段,×,×,
25135521060,ﾌﾞﾛﾝﾃ (6),○,4000,○,3800,○,4000,×,-,○,×,×,×,×,×,×,×,×,×,×,×,×,×,×,×,×,×,A,A-1-2,○,○,○,無し,×,段,×,×,
25135521070,ﾌﾞﾛﾝﾃ (7),○,4000,○,3800,○,4000,×,-,○,×,×,×,×,×,×,×,×,×,×,×,×,×,×,×,×,×,A,A-1-2,○,○,○,無し,×,段,×,×,
25136121830,ｿﾌﾄﾌｱｲﾝ(S),○,4000,○,3800,×,-,×,-,○,×,×,×,×,×,×,×,×,×,×,×,×,×,×,×,×,×,A,A-3-2,○,○,○,普通,○,段,×,×,
25136121850,ｿﾌﾄﾌｱｲﾝ(H),○,4000,○,3800,×,-,×,-,○,×,×,×,×,×,×,×,×,×,×,×,×,×,×,×,×,×,A,A-3-2,○,○,○,普通,○,段,×,×,
25136221020,SFﾏ-ｶﾞﾘﾝ (2),○,4000,○,3800,○,4000,×,-,○,×,×,×,×,×,×,×,×,×,×,×,×,×,×,×,×,×,A,A-1-1-2,×,○,○,無し,×,段,×,×,
25136221030,SFﾏ-ｶﾞﾘﾝ (3),○,4000,○,3800,○,4000,×,-,○,×,×,×,×,×,×,×,×,×,×,×,×,×,×,×,×,×,A,A-1-1-2,×,○,○,無し,×,段,×,×,
25136221040,SFﾏ-ｶﾞﾘﾝ (4),○,4000,○,3800,○,4000,×,-,○,×,×,×,×,×,×,×,×,×,×,×,×,×,×,×,×,×,A,A-1-1-2,×,○,○,無し,×,段,×,×,
25136221050,SFﾏ-ｶﾞﾘﾝ (5),○,4000,○,3800,○,4000,×,-,○,×,×,×,×,×,×,×,×,×,×,×,×,×,×,×,×,×,A,A-1-1-2,×,○,○,無し,×,段,×,×,
25136221060,SFﾏ-ｶﾞﾘﾝ (6),○,4000,○,3800,○,4000,×,-,○,×,×,×,×,×,×,×,×,×,×,×,×,×,×,×,×,×,A,A-1-1-2,×,○,○,無し,×,段,×,×,
25137221830,RG ﾏ-ｶﾞﾘﾝ (S),○,4000,○,3800,○,4000,×,-,○,×,×,×,×,×,×,×,×,×,×,×,×,×,×,×,×,×,B,B-3-2,○,○,○,低,×,段,×,×,
25137221850,RG ﾏ-ｶﾞﾘﾝ (M),○,4000,○,3800,○,4000,×,-,○,×,×,×,×,×,×,×,×,×,×,×,×,×,×,×,×,×,B,B-3-2,○,○,○,低,×,段,×,×,
25137522830,ﾛ-ﾚﾙ ｽﾀ- (S),限定,3500,×,-,×,-,×,-,×,○,×,×,×,×,×,×,×,×,×,×,×,×,×,×,×,×,B,最終,○,○,○,普通,○,段,×,×,掻取加熱有　Pｽﾀｰｼﾘｰｽﾞ最終限定（ｴﾚﾊﾞｰﾙｿﾌﾄとﾊﾞｯﾃｨﾝｸﾞNG）
25137522870,ﾛ-ﾚﾙ ｽﾀ- (H),限定,3500,×,-,×,-,×,-,×,○,×,×,×,×,×,×,×,×,×,×,×,×,×,×,×,×,B,最終,○,○,○,普通,○,段,×,×,掻取加熱有　Pｽﾀｰｼﾘｰｽﾞ最終限定（ｴﾚﾊﾞｰﾙｿﾌﾄとﾊﾞｯﾃｨﾝｸﾞNG）
25137821830,ﾌﾟﾚﾐｱﾑｽﾀ- (S),限定,3500,×,-,×,-,×,-,×,○,×,×,×,×,×,×,×,×,×,×,×,×,×,×,×,×,A,Pｽﾀｰ,○,○,○,普通,○,段,×,×,
25137821870,ﾌﾟﾚﾐｱﾑｽﾀ- (H),限定,3500,×,-,×,-,×,-,×,○,×,×,×,×,×,×,×,×,×,×,×,×,×,×,×,×,A,Pｽﾀｰ,○,○,○,普通,○,段,×,×,
25142321000,ﾌﾟﾚﾐｱﾑﾏ-ｶﾞﾘﾝPV,○,4000,○,3800,○,4000,×,-,○,×,×,×,×,×,×,×,×,×,×,×,×,×,×,×,×,×,B,B-4,×,×,○,普通,×,段,×,×,
25147421830,ｱﾛﾏ-ﾃﾞ(S),○,4000,○,3800,○,4000,×,-,○,×,×,×,×,×,×,×,×,×,×,×,×,×,×,×,×,×,B,B-3-1,○,○,○,無し,×,段,×,×,
25147421850,ｱﾛﾏ-ﾃﾞ(M),○,4000,○,3800,○,4000,×,-,○,×,×,×,×,×,×,×,×,×,×,×,×,×,×,×,×,×,B,B-3-1,○,○,○,無し,×,段,×,×,
25147421870,ｱﾛﾏ-ﾃﾞ(H),○,4000,○,3800,○,4000,×,-,○,×,×,×,×,×,×,×,×,×,×,×,×,×,×,×,×,×,B,B-3-1,○,○,○,無し,×,段,×,×,
25151521830,ｺﾞ-ﾙﾄﾞﾀｸﾄT*(S),○,4000,○,3800,○,4000,×,-,○,×,×,×,×,×,×,×,×,×,×,×,×,×,×,×,×,×,B,B-3-4,○,○,○,高,×,段,×,×,
25151521850,ｺﾞ-ﾙﾄﾞﾀｸﾄT*(M),○,4000,○,3800,○,4000,×,-,○,×,×,×,×,×,×,×,×,×,×,×,×,×,×,×,×,×,B,B-3-4,○,○,○,高,×,段,×,×,
25151521870,ｺﾞ-ﾙﾄﾞﾀｸﾄT*(H),○,4000,○,3800,○,4000,×,-,○,×,×,×,×,×,×,×,×,×,×,×,×,×,×,×,×,×,B,B-3-4,○,○,○,高,×,段,×,×,
25153221830,ｱﾛﾏｰﾃﾞﾌﾙｰﾙ(S),○,2240,○,1600,○,2240,×,-,○,×,×,×,×,×,×,×,×,×,×,×,×,×,×,×,×,×,B,B-2-2,×,○,○,普通,×,段,×,2,２ﾊﾞｯﾁ枠必要　流速遅い
25153221850,ｱﾛﾏｰﾃﾞﾌﾙｰﾙ(M),○,2240,○,1600,○,2240,×,-,○,×,×,×,×,×,×,×,×,×,×,×,×,×,×,×,×,×,B,B-2-2,×,○,○,普通,×,段,×,2,２ﾊﾞｯﾁ枠必要　流速遅い
25153221870,ｱﾛﾏｰﾃﾞﾌﾙｰﾙ(H),○,2240,○,1600,○,2240,×,-,○,×,×,×,×,×,×,×,×,×,×,×,×,×,×,×,×,×,B,B-2-2,×,○,○,普通,×,段,×,2,２ﾊﾞｯﾁ枠必要　流速遅い
25153321810,NGTﾏ-ｶﾞﾘﾝ(SS),○,4000,○,3800,○,4000,×,-,○,×,×,×,×,×,×,×,×,×,×,×,×,×,×,×,×,×,A,A-3-2,○,○,○,普通,×,段,×,×,
25153321830,NGTﾏｰｶﾞﾘﾝ(S),○,4000,○,3800,○,4000,×,-,○,×,×,×,×,×,×,×,×,×,×,×,×,×,×,×,×,×,A,A-3-2,○,○,○,普通,×,段,×,×,
25153321850,NGTﾏｰｶﾞﾘﾝ(M),○,4000,○,3800,○,4000,×,-,○,×,×,×,×,×,×,×,×,×,×,×,×,×,×,×,×,×,A,A-3-2,○,○,○,普通,×,段,×,×,
25153921000,ｼｭｰﾏｽﾀｰMA,×,-,○,3800,○,3800,×,-,○,×,×,×,×,×,×,×,×,×,×,×,×,×,×,×,○,×,B,最終,○,○,○,普通,×,段,×,×,FK or KO最終限定、初回バッチからネオシューは計画できない
25154121000,ﾌﾟﾗｽﾞﾏDX,限定,3500,×,-,×,-,×,-,×,○,×,×,×,×,×,×,×,×,×,×,×,×,×,×,×,×,B,Pｽﾀｰ,○,○,○,普通,×,段,×,×,
25154221000,ﾈｵｼﾕ-M-(F),×,-,○,3200,○,3200,×,-,○,×,×,×,×,×,×,×,×,×,×,×,×,×,×,×,○,×,B,最終,○,○,○,普通,×,段,×,×,FK or KO最終限定、初回バッチからネオシューは計画できない
25154521830,ｿｼｴﾙ10K(S),○,4000,○,3200,×,-,×,-,○,×,×,×,×,×,×,×,×,×,×,×,×,×,×,×,×,○,B,初回,×,×,×,無し,×,段,×,×,
25154521850,ｿｼｴﾙ10K(M),○,4000,○,3200,×,-,×,-,○,×,×,×,×,×,×,×,×,×,×,×,×,×,×,×,×,○,B,初回,×,×,×,無し,×,段,×,×,
25154622000,ﾈﾌｴﾂｸｽ,限定,3500,×,-,×,-,×,-,×,×,○,×,×,×,×,×,×,×,×,×,×,×,×,×,×,×,E,初回,×,○,○,無し,×,段,×,×,
25160021830,ｵﾘﾝﾋﾟｱｽﾗｲｽ(ｽｲｰﾄﾐﾙｸ*S,×,-,×,-,限定,1100,285,36S,×,×,×,×,○,×,×,×,×,×,×,×,×,×,×,×,×,×,B,×,○,○,○,低,×,段,×,×,"基準区分あり。4,410㎏にて製造"
25160221830,ｺﾝﾌﾟﾘ-ﾄﾎｲﾂﾌﾟ(ﾐﾙｸ)(S),×,-,限定,2000,×,-,×,-,×,×,×,○,×,×,×,×,×,×,×,×,×,×,×,×,×,×,C,×,○,○,○,普通,○,段,×,×,
25160221850,ｺﾝﾌﾟﾘ-ﾄﾎｲﾂﾌﾟ(ﾐﾙｸ)(M),×,-,限定,2000,×,-,×,-,×,×,×,○,×,×,×,×,×,×,×,×,×,×,×,×,×,×,C,×,○,○,○,普通,○,段,×,×,
25160221870,ｺﾝﾌﾟﾘ-ﾄﾎｲﾂﾌﾟ(ﾐﾙｸ)(H),×,-,限定,2000,×,-,×,-,×,×,×,○,×,×,×,×,×,×,×,×,×,×,×,×,×,×,C,×,○,○,○,普通,○,段,×,×,
25163222030,ﾘｱﾉｽNS(3),×,-,○,2560,○,3200,×,-,○,×,×,×,×,×,×,×,×,×,×,×,×,×,×,×,×,×,A,初回,×,○,○,無し,×,段,×,×,FK or KO初回限定
25163222040,ﾘｱﾉｽNS(4),×,-,○,2560,○,3200,×,-,○,×,×,×,×,×,×,×,×,×,×,×,×,×,×,×,×,×,A,初回,×,○,○,無し,×,段,×,×,FK or KO初回限定
25163222050,ﾘｱﾉｽNS(5),×,-,○,2560,○,3200,×,-,○,×,×,×,×,×,×,×,×,×,×,×,×,×,×,×,×,×,A,初回,×,○,○,無し,×,段,×,×,FK or KO初回限定
25171922810,ﾃﾙﾉｱﾎｲﾂﾌﾟ(ﾚﾝﾆﾕｳ)(SS),×,-,限定,2000,×,-,×,-,×,×,×,○,×,×,×,×,×,×,×,×,×,×,×,×,×,×,C,×,○,○,○,普通,○,段,×,×,
25171922830,ﾃﾙﾉｱﾎｲﾂﾌﾟ(ﾚﾝﾆﾕｳ)(S),×,-,限定,2000,×,-,×,-,×,×,×,○,×,×,×,×,×,×,×,×,×,×,×,×,×,×,C,×,○,○,○,普通,○,段,×,×,
25171922850,ﾃﾙﾉｱﾎｲﾂﾌﾟ(ﾚﾝﾆﾕｳ)(M),×,-,限定,2000,×,-,×,-,×,×,×,○,×,×,×,×,×,×,×,×,×,×,×,×,×,×,C,×,○,○,○,普通,○,段,×,×,
25171922870,ﾃﾙﾉｱﾎｲﾂﾌﾟ(ﾚﾝﾆﾕｳ)(H),×,-,限定,2000,×,-,×,-,×,×,×,○,×,×,×,×,×,×,×,×,×,×,×,×,×,×,C,×,○,○,○,普通,○,段,×,×,
25175621830,ｱﾛﾏ-ﾃﾞﾏｲﾙﾄﾞｼ-ﾄ(S),×,-,×,-,限定,1800,285,12S,×,×,×,×,○,×,×,×,×,×,×,×,×,×,×,×,×,×,B,×,○,○,○,普通,×,段,×,×,
25175621850,ｱﾛﾏ-ﾃﾞﾏｲﾙﾄﾞｼ-ﾄ(M),×,-,×,-,限定,1800,285,12S,×,×,×,×,○,×,×,×,×,×,×,×,×,×,×,×,×,×,B,×,○,○,○,普通,×,段,×,×,
25175626830,ｱﾛﾏ-ﾃﾞﾏｲﾙﾄﾞｽﾗｲｽ(S),×,-,×,-,限定,1050,285,36S,×,×,×,×,○,×,×,×,×,×,×,×,×,×,×,×,×,×,B,×,○,○,○,普通,×,段,×,×,
25175626850,ｱﾛﾏ-ﾃﾞﾏｲﾙﾄﾞｽﾗｲｽ(M),×,-,×,-,限定,1050,285,36S,×,×,×,×,○,×,×,×,×,×,×,×,×,×,×,×,×,×,B,×,○,○,○,普通,×,段,×,×,
25175625830,ｱﾛﾏ-ﾃﾞﾏｲﾙﾄﾞｼ-ﾄ1.5K S,×,-,×,-,限定,1800,285,12S,×,×,×,×,○,×,×,×,×,×,×,×,×,×,×,×,×,×,B,×,○,○,○,普通,×,段,×,×,
25175625850,ｱﾛﾏ-ﾃﾞﾏｲﾙﾄﾞｼ-ﾄ1.5K M,×,-,×,-,限定,1800,285,12S,×,×,×,×,○,×,×,×,×,×,×,×,×,×,×,×,×,×,B,×,○,○,○,普通,×,段,×,×,
25176921810,Pｼ-ﾄDB-R 650 (SS),×,-,×,-,限定,1200,285,39S,×,×,×,×,○,×,×,×,×,×,×,×,×,×,×,×,×,×,B,×,○,○,○,低,×,段,×,×,
25176921830,Pｼ-ﾄDB-R 650 (S),×,-,×,-,限定,1200,285,39S,×,×,×,×,○,×,×,×,×,×,×,×,×,×,×,×,×,×,B,×,○,○,○,低,×,段,×,×,
25176921850,Pｼ-ﾄDB-R 650 (M),×,-,×,-,限定,1200,285,39S,×,×,×,×,○,×,×,×,×,×,×,×,×,×,×,×,×,×,B,×,○,○,○,低,×,段,×,×,
25177421830,ｱﾛﾏ-ﾃﾞｼ-ﾄ(S),×,-,×,-,限定,1800,285,12S,×,×,×,×,○,×,×,×,×,×,×,×,×,×,×,×,×,×,B,×,○,○,○,普通,×,段,×,×,
25177421850,ｱﾛﾏ-ﾃﾞｼ-ﾄ(M),×,-,×,-,限定,1800,285,12S,×,×,×,×,○,×,×,×,×,×,×,×,×,×,×,×,×,×,B,×,○,○,○,普通,×,段,×,×,
25177422830,ｱﾛﾏ-ﾃﾞｽﾗｲｽ(S),×,-,×,-,限定,1100,285,36S,×,×,×,×,○,×,×,×,×,×,×,×,×,×,×,×,×,×,B,×,○,○,○,普通,×,段,×,×,
25177422850,ｱﾛﾏ-ﾃﾞｽﾗｲｽ(M),×,-,×,-,限定,1100,285,36S,×,×,×,×,○,×,×,×,×,×,×,×,×,×,×,×,×,×,B,×,○,○,○,普通,×,段,×,×,
25177621830,ｶﾚﾝﾃｲｼ-ﾄ(ｽｲ-ﾄ)EF(S),×,-,×,-,限定,1800,285,12S,×,×,×,×,○,×,×,×,×,×,×,×,×,×,×,×,×,×,A,×,○,○,○,低,×,段,×,×,
25177822830,ｶﾚﾝﾃｲｼ-ﾄ(S),×,-,×,-,限定,1800,285,12S,×,×,×,×,○,×,×,×,×,×,×,×,×,×,×,×,×,×,A,×,○,○,○,普通,×,段,×,×,
25177822850,ｶﾚﾝﾃｲｼ-ﾄ(M),×,-,×,-,限定,1800,285,12S,×,×,×,×,○,×,×,×,×,×,×,×,×,×,×,×,×,×,A,×,○,○,○,普通,×,段,×,×,
25178021000,OL2000SN-A,×,-,×,-,限定,1700,285,12S,×,×,×,×,○,×,×,×,×,×,×,×,×,×,×,×,×,×,A,×,○,○,○,普通,×,段,×,×,
25179921830,ｵﾘﾝﾋﾟｱARｼｰﾄ(S),×,-,×,-,限定,1600,350,9S,×,×,×,×,○,×,×,×,×,×,×,×,×,×,×,×,×,×,A,×,○,○,○,普通,×,段,×,×,週初め初回限定
25179921850,ｵﾘﾝﾋﾟｱARｼｰﾄ(M),×,-,×,-,限定,1600,350,9S,×,×,×,×,○,×,×,×,×,×,×,×,×,×,×,×,×,×,A,×,○,○,○,普通,×,段,×,×,週初め初回限定
25179921870,ｵﾘﾝﾋﾟｱARｼｰﾄ(H),×,-,×,-,限定,1600,350,9S,×,×,×,×,○,×,×,×,×,×,×,×,×,×,×,×,×,×,A,×,○,○,○,普通,×,段,×,×,週初め初回限定
25180122850,ｱﾛﾏ-ﾃﾞﾏｲﾙﾄﾞｽﾗｲｽDG,×,-,×,-,限定,1050,285,36S,×,×,×,×,○,×,×,×,×,×,×,×,×,×,×,×,×,×,B,×,×,○,○,普通,×,段,×,×,色素レス
25184021850,ｵﾘﾝﾋﾟｱｸﾘｽﾋﾟｰｼｰﾄ(M),×,-,×,-,限定,1500,285,12S,×,×,×,×,○,×,×,×,×,×,×,×,×,×,×,×,×,×,A,×,○,○,○,低,×,段,×,×,
25184323850,ｵﾘﾝﾋﾟｱANｼ-ﾄ1.7K(M),×,-,×,-,限定,1800,350,9S,×,×,×,×,○,×,×,×,×,×,×,×,×,×,×,×,×,×,A,×,○,○,○,普通,×,段,×,×,
25184324850,ｵﾘﾝﾋﾟｱANｼ-ﾄ1.5K(M),×,-,×,-,限定,1800,350,9S,×,×,×,×,○,×,×,×,×,×,×,×,×,×,×,×,×,×,A,×,○,○,○,普通,×,段,×,×,
25202021830,ｵﾘﾝﾋﾟｱ2000ｼ-ﾄ(S),×,-,×,-,限定,1380,285,12S,×,×,×,×,○,×,×,×,×,×,×,×,×,×,×,×,×,×,A,×,○,○,○,普通,×,段,×,×,
25202021850,ｵﾘﾝﾋﾟｱ2000ｼ-ﾄ(M),×,-,×,-,限定,1380,285,12S,×,×,×,×,○,×,×,×,×,×,×,×,×,×,×,×,×,×,A,×,○,○,○,普通,×,段,×,×,
25211422830,ｵﾘﾝﾋﾟｱP CPｽﾗｲｽEF (S),×,-,×,-,限定,950,285,36S,×,×,×,×,○,×,×,×,×,×,×,×,×,×,×,×,×,×,C,×,○,○,○,普通,×,段,×,×,
25211422850,ｵﾘﾝﾋﾟｱP CPｽﾗｲｽEF (M),×,-,×,-,限定,950,285,36S,×,×,×,×,○,×,×,×,×,×,×,×,×,×,×,×,×,×,C,×,○,○,○,普通,×,段,×,×,
25211423830,ｵﾘﾝﾋﾟｱP CPｼ-ﾄEF (S),×,-,×,-,限定,1500,285,12S,×,×,×,×,○,×,×,×,×,×,×,×,×,×,×,×,×,×,C,×,○,○,○,普通,×,段,×,×,
25211423850,ｵﾘﾝﾋﾟｱP CPｼ-ﾄEF (M),×,-,×,-,限定,1500,285,12S,×,×,×,×,○,×,×,×,×,×,×,×,×,×,×,×,×,×,C,×,○,○,○,普通,×,段,×,×,
25212621830,ﾌﾛｲﾃﾞ(ﾐﾙｸﾌｳﾐ)(S),○,4000,○,3800,×,-,×,-,○,×,×,×,×,×,×,×,×,×,×,×,×,×,×,×,×,×,B,B-2-1,×,○,○,無し,×,段,×,×,
25214421850,ﾒﾄﾞﾚﾂﾄJ-1(M),○,4000,○,3200,×,-,×,-,○,×,×,×,×,×,×,×,×,×,×,×,×,×,×,×,×,×,B,B-2-1,×,○,○,無し,×,段,×,×,
25219521000,ｵﾘﾝﾋﾟｱ2000SN-A*DIR,×,-,×,-,限定,1700,285,23S,×,×,×,×,○,×,×,×,×,×,×,×,×,×,×,×,×,×,A,×,○,○,○,普通,×,段,×,×,
25219522000,ｵﾘﾝﾋﾟｱ2000SN-A*,×,-,×,-,限定,1700,285,23S,×,×,×,×,○,×,×,×,×,×,×,×,×,×,×,×,×,×,A,×,○,○,○,普通,×,段,×,×,
25219823810,ｵﾘﾝﾋﾟｱ2000SNA1X15 SS,×,-,×,-,限定,1700,285,23S,×,×,×,×,○,×,×,×,×,×,×,×,×,×,×,×,×,×,A,×,○,○,○,普通,×,段,×,×,
25220721830,MFP(S),○,4000,○,3800,○,4000,×,-,○,×,×,×,×,×,×,×,×,×,×,×,×,×,×,×,×,×,A,A-1-2,○,○,○,無し,×,段,×,×,
25229221830,KNM20(S),○,4000,○,3800,×,-,×,-,○,×,×,×,×,×,×,×,×,×,×,×,○,×,×,×,×,×,B,最終,○,○,○,普通,×,段,×,×,"基準区分あり、4,471㎏で製造。　MK or FK最終限定。"
25231021810,ﾌﾛｲﾃﾞPV(ﾕｳｴﾝ)(SS),○,4000,○,3800,○,4000,×,-,○,×,×,×,×,×,×,×,×,×,×,×,×,×,×,×,×,×,A,A-3-1,○,○,○,高,×,段,×,×,
25231021830,ﾌﾛｲﾃﾞPV(ﾕｳｴﾝ)(S),○,4000,○,3800,○,4000,×,-,○,×,×,×,×,×,×,×,×,×,×,×,×,×,×,×,×,×,A,A-3-1,○,○,○,高,×,段,×,×,
25231021850,ﾌﾛｲﾃﾞPV(ﾕｳｴﾝ)(M),○,4000,○,3800,○,4000,×,-,○,×,×,×,×,×,×,×,×,×,×,×,×,×,×,×,×,×,A,A-3-1,○,○,○,高,×,段,×,×,
25233721000,FTS ﾏ-ｶﾞﾘﾝ,○,4000,○,3800,○,4000,×,-,○,×,×,×,×,×,×,×,×,×,×,×,×,×,×,×,×,×,A,A-1-2,○,○,○,無し,×,段,×,×,
25233721830,FTSﾏ-ｶﾞﾘﾝ(S),○,4000,○,3800,○,4000,×,-,○,×,×,×,×,×,×,×,×,×,×,×,×,×,×,×,×,×,A,A-1-2,○,○,○,無し,×,段,×,×,
25233721850,FTSﾏ-ｶﾞﾘﾝ(M),○,4000,○,3800,○,4000,×,-,○,×,×,×,×,×,×,×,×,×,×,×,×,×,×,×,×,×,A,A-1-2,○,○,○,無し,×,段,×,×,
25234621010,ｺﾞ-ﾙﾄﾞﾀｸﾄ A (1),×,-,○,3800,○,4000,×,-,○,×,×,×,×,×,×,×,×,×,×,×,×,×,×,×,×,×,A,A-1-1-1,×,×,○,低,×,段,×,×,FK or KO限定
25234621020,ｺﾞ-ﾙﾄﾞﾀｸﾄ A (2),×,-,○,3800,○,4000,×,-,○,×,×,×,×,×,×,×,×,×,×,×,×,×,×,×,×,×,A,A-1-1-1,×,×,○,低,×,段,×,×,FK or KO限定
25234621030,ｺﾞ-ﾙﾄﾞﾀｸﾄ A (3),×,-,○,3800,○,4000,×,-,○,×,×,×,×,×,×,×,×,×,×,×,×,×,×,×,×,×,A,A-1-1-1,×,×,○,低,×,段,×,×,FK or KO限定
25234621040,ｺﾞ-ﾙﾄﾞﾀｸﾄ A (4),×,-,○,3800,○,4000,×,-,○,×,×,×,×,×,×,×,×,×,×,×,×,×,×,×,×,×,A,A-1-1-1,×,×,○,低,×,段,×,×,FK or KO限定
25234621050,ｺﾞ-ﾙﾄﾞﾀｸﾄ A (5),×,-,○,3800,○,4000,×,-,○,×,×,×,×,×,×,×,×,×,×,×,×,×,×,×,×,×,A,A-1-1-1,×,×,○,低,×,段,×,×,FK or KO限定
25249321830,BCｸﾘｰﾑﾚﾝﾆｭｳ(S),×,-,限定,2000,×,-,×,-,×,×,×,○,×,×,×,×,×,×,×,×,×,×,×,×,×,×,C,×,○,○,○,普通,○,段,×,×,
25249321850,BCｸﾘｰﾑﾚﾝﾆｭｳ(M),×,-,限定,2000,×,-,×,-,×,×,×,○,×,×,×,×,×,×,×,×,×,×,×,×,×,×,C,×,○,○,○,普通,○,段,×,×,
25249321870,BCｸﾘｰﾑﾚﾝﾆｭｳ(H),×,-,限定,2000,×,-,×,-,×,×,×,○,×,×,×,×,×,×,×,×,×,×,×,×,×,×,C,×,○,○,○,普通,○,段,×,×,
25249321890,BCｸﾘｰﾑﾚﾝﾆｭｳ(HH),×,-,限定,2000,×,-,×,-,×,×,×,○,×,×,×,×,×,×,×,×,×,×,×,×,×,×,C,×,○,○,○,普通,○,段,×,×,
25249821830,R-FP(S),○,4000,○,3800,○,4000,×,-,○,×,×,×,×,×,×,×,×,×,×,×,×,×,×,×,×,×,A,A-1-2,○,○,○,無し,×,段,×,×,
25252821000,ﾈｵｼﾕ-M-TL,×,-,○,3800,○,4000,×,-,○,×,×,×,×,×,×,×,×,×,×,×,×,×,×,×,○,×,B,最終,○,○,○,普通,×,段,×,×,FK or KO最終限定、初回バッチからネオシューは計画できない
25255421830,ﾊﾂｺｳﾊﾞﾀ-ﾘﾂﾁFN*(S),○,4000,○,3800,×,-,×,-,○,×,×,×,×,×,×,×,×,×,×,×,×,×,×,×,×,×,B,B-1-2,×,○,×,普通,×,段,×,×,"基準区分あり、4,667㎏で製造"
25255421870,ﾊﾂｺｳﾊﾞﾀ-ﾘﾂﾁFN*(H),○,4000,○,3800,×,-,×,-,○,×,×,×,×,×,×,×,×,×,×,×,×,×,×,×,×,×,B,B-1-2,×,○,×,普通,×,段,×,×,"基準区分あり、4,667㎏で製造"
25258721830,ﾎﾟﾜﾛｺﾞ-ﾙﾄﾞ(S),○,4000,○,3800,○,3800,×,-,○,×,×,×,×,×,×,×,×,×,×,×,×,×,×,×,×,×,A,A-1-2,○,○,○,無し,×,段,×,×,
25258721870,ﾎﾟﾜﾛｺﾞ-ﾙﾄﾞ(H),○,4000,○,3800,○,3800,×,-,○,×,×,×,×,×,×,×,×,×,×,×,×,×,×,×,×,×,A,A-1-2,○,○,○,無し,×,段,×,×,
25258921830,ｱﾛﾏ-ﾃﾞHTR-J(S),○,4000,○,3800,×,-,×,-,○,×,×,×,×,×,×,×,×,○,×,×,×,×,×,×,×,×,B,最終,○,○,○,無し,×,段,×,×,MK or FK最終限定、前バッチは塩なし限定　　土曜日生産NG
25259621000,ﾒﾄﾞﾚﾂﾄST,○,4000,○,3800,○,3800,×,-,○,×,×,×,×,×,×,×,×,×,×,×,×,×,×,×,×,×,A,A-1-2,○,○,○,無し,×,段,×,×,
25262021850,ｱﾛﾏ-ﾃﾞﾎﾜｲﾄ(M),○,4000,○,3800,×,-,×,-,○,×,×,×,×,×,×,×,×,×,×,×,×,×,×,×,×,○,B,初回,×,○,×,無し,×,段,×,×,
25262521830,SOZA-YDX(S),×,-,限定,3500,×,-,×,-,○,×,×,×,×,×,×,×,×,×,×,×,×,×,×,○,×,×,B,最終,○,○,○,無し,×,段,8,×,FK限定、前バッチは塩なし限定　初回生産不可
25263021000,ｿｼｴﾙC,○,4000,○,3200,×,-,×,-,○,×,×,×,×,×,×,×,×,×,×,×,×,×,×,×,×,○,B,初回,×,×,×,無し,×,段,×,×,
25263121810,ROY-DX(SS),○,4000,○,3200,×,-,×,-,○,×,×,×,×,×,×,×,×,×,×,×,×,×,×,×,×,×,B,B-3-1,○,○,○,無し,○,段,×,×,風味強い後カット100ｋｇ
25263121830,ROY-DX(S),○,4000,○,3800,×,-,×,-,○,×,×,×,×,×,×,×,×,×,×,×,×,×,×,×,×,×,B,B-3-1,○,○,○,無し,○,段,×,×,風味強い後カット100ｋｇ
25263121850,ROY-DX(M),○,4000,○,3800,×,-,×,-,○,×,×,×,×,×,×,×,×,×,×,×,×,×,×,×,×,×,B,B-3-1,○,○,○,無し,○,段,×,×,風味強い後カット100ｋｇ
25263121870,ROY-DX(H),○,4000,○,3800,×,-,×,-,○,×,×,×,×,×,×,×,×,×,×,×,×,×,×,×,×,×,B,B-3-1,○,○,○,無し,○,段,×,×,風味強い後カット100ｋｇ
25265021830,WMﾏ-ｶﾞﾘﾝ(S),○,4000,○,3800,○,4000,×,-,○,×,×,×,×,×,×,×,×,×,×,×,×,×,×,×,×,×,A,A-1-2,○,○,○,無し,×,段,×,×,
25265021850,WMﾏ-ｶﾞﾘﾝ(M),○,4000,○,3800,○,4000,×,-,○,×,×,×,×,×,×,×,×,×,×,×,×,×,×,×,×,×,A,A-1-2,○,○,○,無し,×,段,×,×,
25265021870,WMﾏ-ｶﾞﾘﾝ(H),○,4000,○,3800,○,4000,×,-,○,×,×,×,×,×,×,×,×,×,×,×,×,×,×,×,×,×,A,A-1-2,○,○,○,無し,×,段,×,×,
25269721000,EXPﾏ-ｶﾞﾘﾝ,○,4000,○,3800,○,4000,×,-,○,×,×,×,×,×,×,×,×,×,×,×,×,×,×,×,×,×,B,B-4,×,×,○,普通,×,段,×,×,
25270721830,ﾎﾟﾘｱﾝﾄﾞSP(S),○,3200,×,-,×,-,×,-,○,×,×,×,×,×,×,×,×,×,×,×,×,×,×,×,×,×,A,初回,○,○,○,無し,×,段,×,×,IE-GO使用の為、MK初回限定、購入油都合で10t（6t+4t）ｵｰﾀﾞｰ初回ﾊﾞｯﾁに6t組み、次ﾊﾞｯﾁで4tを組む
25270721870,ﾎﾟﾘｱﾝﾄﾞSP(H),○,3200,×,-,×,-,×,-,○,×,×,×,×,×,×,×,×,×,×,×,×,×,×,×,×,×,A,初回,○,○,○,無し,×,段,×,×,IE-GO使用の為、MK初回限定、購入油都合で10t（6t+4t）ｵｰﾀﾞｰ初回ﾊﾞｯﾁに6t組み、次ﾊﾞｯﾁで4tを組む
25273621830,PMﾏ-ｶﾞﾘﾝ (S),○,4000,○,3800,×,-,×,-,○,×,×,×,×,×,×,×,×,×,×,×,×,×,×,×,×,○,B,初回,×,×,×,無し,×,段,×,×,
25273621870,PMﾏ-ｶﾞﾘﾝ (H),○,4000,○,3800,×,-,×,-,○,×,×,×,×,×,×,×,×,×,×,×,×,×,×,×,×,○,B,初回,×,×,×,無し,×,段,×,×,
25274421810,ﾌｱﾛﾝﾎｲﾂﾌﾟ(練乳)(SS),×,-,限定,2000,×,-,×,-,×,×,×,○,×,×,×,×,×,×,×,×,×,×,×,×,×,×,C,×,○,○,○,普通,○,段,×,×,
25274421830,ﾌｱﾛﾝﾎｲﾂﾌﾟ(練乳)(S),×,-,限定,2000,×,-,×,-,×,×,×,○,×,×,×,×,×,×,×,×,×,×,×,×,×,×,C,×,○,○,○,普通,○,段,×,×,
25274421850,ﾌｱﾛﾝﾎｲﾂﾌﾟ(練乳)(M),×,-,限定,2000,×,-,×,-,×,×,×,○,×,×,×,×,×,×,×,×,×,×,×,×,×,×,C,×,○,○,○,普通,○,段,×,×,
25274421870,ﾌｱﾛﾝﾎｲﾂﾌﾟ(練乳)(H),×,-,限定,2000,×,-,×,-,×,×,×,○,×,×,×,×,×,×,×,×,×,×,×,×,×,×,C,×,○,○,○,普通,○,段,×,×,
25275621830,ｴﾚﾊﾞ-ﾙ(S),○,4000,○,3800,×,-,×,-,○,×,×,×,×,○,×,×,×,×,×,×,×,×,×,×,×,×,C,最終,○,×,×,無し,×,段,×,×,前カットするので前バッチ規制なし。MK or FK最終限定
25275621850,ｴﾚﾊﾞ-ﾙ(M),○,4000,○,3800,×,-,×,-,○,×,×,×,×,○,×,×,×,×,×,×,×,×,×,×,×,×,C,最終,○,×,×,無し,×,段,×,×,前カットするので前バッチ規制なし。MK or FK最終限定
25275621870,ｴﾚﾊﾞ-ﾙ(H),○,4000,○,3800,×,-,×,-,○,×,×,×,×,○,×,×,×,×,×,×,×,×,×,×,×,×,C,最終,○,×,×,無し,×,段,×,×,前カットするので前バッチ規制なし。MK or FK最終限定
25278121810,BPﾏ-ｶﾞﾘﾝA-2(SS),○,4000,○,3200,×,-,×,-,○,×,×,×,×,×,×,×,×,×,×,×,×,×,×,×,×,×,B,B-3-1,○,○,○,無し,○,段,×,×,
25278521830,ﾏﾙｼｴ MON(S),○,4000,○,3800,×,-,×,-,○,×,×,×,×,×,×,×,×,×,×,×,×,×,×,×,×,×,B,B-1-2,×,○,×,普通,×,段,×,×,"基準区分あり、5,000㎏にて製造"
25278521850,ﾏﾙｼｴ MON(M),○,4000,○,3800,×,-,×,-,○,×,×,×,×,×,×,×,×,×,×,×,×,×,×,×,×,×,B,B-1-2,×,○,×,普通,×,段,×,×,"基準区分あり、5,000㎏にて製造"
25279522830,F-ADM(S),○,4000,○,3200,×,-,×,-,○,×,×,×,×,×,×,×,×,×,×,×,×,×,×,×,×,×,B,B-3-1,○,○,○,無し,○,段,×,×,
25279522870,F-ADM(H),○,4000,○,3200,×,-,×,-,○,×,×,×,×,×,×,×,×,×,×,×,×,×,×,×,×,×,B,B-3-1,○,○,○,無し,○,段,×,×,
25280323020,ｻﾙﾋﾞｱKS 10.5K(2),○,4000,○,3200,×,-,×,-,○,×,×,×,×,×,×,×,×,×,×,×,×,×,×,×,×,×,B,B-1-1,×,○,×,無し,×,段,×,×,
25280323030,ｻﾙﾋﾞｱKS 10.5K(3),○,4000,○,3200,×,-,×,-,○,×,×,×,×,×,×,×,×,×,×,×,×,×,×,×,×,×,B,B-1-1,×,○,×,無し,×,段,×,×,
25280323040,ｻﾙﾋﾞｱKS 10.5K(4),○,4000,○,3200,×,-,×,-,○,×,×,×,×,×,×,×,×,×,×,×,×,×,×,×,×,×,B,B-1-1,×,○,×,無し,×,段,×,×,
25280421000,ﾌﾞﾚ-ﾈ,限定,3000,×,-,×,-,×,-,×,×,○,×,×,×,×,×,×,×,×,×,×,×,×,×,×,×,B,初回,○,○,○,普通,×,段,×,×,MK限定
25280821850,ｵﾘﾝﾋﾟｱｼ-ﾄ9-30(M),×,-,×,-,限定,1500,285,12S,×,×,×,×,○,×,×,×,×,×,×,×,×,×,×,×,×,×,B,×,○,○,○,普通,×,段,×,×,
25281221830,北海道練乳ｸﾘ-ﾑ(S),×,-,限定,2000,×,-,×,-,×,×,×,○,×,×,×,×,×,×,×,×,×,×,×,×,×,×,C,×,○,○,○,普通,○,段,×,×,
25281221850,北海道練乳ｸﾘ-ﾑ(M),×,-,限定,2000,×,-,×,-,×,×,×,○,×,×,×,×,×,×,×,×,×,×,×,×,×,×,C,×,○,○,○,普通,○,段,×,×,
25281221870,北海道練乳ｸﾘ-ﾑ(H),×,-,限定,2000,×,-,×,-,×,×,×,○,×,×,×,×,×,×,×,×,×,×,×,×,×,×,C,×,○,○,○,普通,○,段,×,×,
25283421830,ﾃﾞｲｵﾈﾎｲﾂﾌﾟ 練乳(S),×,-,限定,2000,×,-,×,-,×,×,×,○,×,×,×,×,×,×,×,×,×,×,×,×,×,×,C,×,○,○,○,普通,○,段,×,×,
25283421850,ﾃﾞｲｵﾈﾎｲﾂﾌﾟ 練乳(M),×,-,限定,2000,×,-,×,-,×,×,×,○,×,×,×,×,×,×,×,×,×,×,×,×,×,×,C,×,○,○,○,普通,○,段,×,×,
25283421870,ﾃﾞｲｵﾈﾎｲﾂﾌﾟ 練乳(H),×,-,限定,2000,×,-,×,-,×,×,×,○,×,×,×,×,×,×,×,×,×,×,×,×,×,×,C,×,○,○,○,普通,○,段,×,×,
25283421890,ﾃﾞｲｵﾈﾎｲﾂﾌﾟ 練乳(HH),×,-,限定,2000,×,-,×,-,×,×,×,○,×,×,×,×,×,×,×,×,×,×,×,×,×,×,C,×,○,○,○,普通,○,段,×,×,
25283521830,ｼﾞｴﾈﾙ-(S),○,4000,○,3200,×,-,×,-,○,×,×,×,×,×,×,×,×,×,×,○,○,×,×,×,×,×,C,最終,○,○,○,普通,○,段,1,×,MK or FK最終限定、前バッチに規制はない　1日1ﾊﾞｯﾁ上限連続不可　土曜日生産NG
25283521850,ｼﾞｴﾈﾙ-(M),○,4000,○,3200,×,-,×,-,○,×,×,×,×,×,×,×,×,×,×,○,○,×,×,×,×,×,C,最終,○,○,○,普通,○,段,1,×,MK or FK最終限定、前バッチに規制はない　1日1ﾊﾞｯﾁ上限連続不可　土曜日生産NG
25283521870,ｼﾞｴﾈﾙ-(H),○,4000,○,3200,×,-,×,-,○,×,×,×,×,×,×,×,×,×,×,○,○,×,×,×,×,×,C,最終,○,○,○,普通,○,段,1,×,MK or FK最終限定、前バッチに規制はない　1日1ﾊﾞｯﾁ上限連続不可　土曜日生産NG
25283621850,EZﾏ-ｶﾞﾘﾝ(M),○,4000,○,3200,×,-,×,-,○,×,×,×,×,×,×,×,×,×,×,×,×,×,×,×,×,×,B,B-5,○,○,×,無し,○,段,×,×,
25283621870,EZﾏ-ｶﾞﾘﾝ(H),○,4000,○,3200,×,-,×,-,○,×,×,×,×,×,×,×,×,×,×,×,×,×,×,×,×,×,B,B-5,○,○,×,無し,○,段,×,×,
25284221020,ﾘｽﾊﾟ-ﾙ(練乳)(2),×,-,限定,2000,×,-,×,-,×,×,×,○,×,×,×,×,×,×,×,×,×,×,×,×,×,×,B,×,○,○,○,普通,○,段,×,×,"基準区分あり、4,900㎏にて製造"
25284221030,ﾘｽﾊﾟ-ﾙ(練乳)(3),×,-,限定,2000,×,-,×,-,×,×,×,○,×,×,×,×,×,×,×,×,×,×,×,×,×,×,B,×,○,○,○,普通,○,段,×,×,"基準区分あり、4,900㎏にて製造"
25284221040,ﾘｽﾊﾟ-ﾙ(練乳)(4),×,-,限定,2000,×,-,×,-,×,×,×,○,×,×,×,×,×,×,×,×,×,×,×,×,×,×,B,×,○,○,○,普通,○,段,×,×,"基準区分あり、4,900㎏にて製造"
25284221050,ﾘｽﾊﾟ-ﾙ(練乳)(5),×,-,限定,2000,×,-,×,-,×,×,×,○,×,×,×,×,×,×,×,×,×,×,×,×,×,×,B,×,○,○,○,普通,○,段,×,×,"基準区分あり、4,900㎏にて製造"
25284421810,ﾗﾝﾃﾞｲｿﾌﾄCPﾌﾟﾚﾐｱﾑ(SS),○,4000,○,3200,○,3200,×,-,○,×,×,×,×,×,×,×,○,×,×,×,×,×,×,×,×,×,C,最終,○,○,○,普通,×,段,4,×,1系列；4バッチ/日
25284421830,ﾗﾝﾃﾞｲｿﾌﾄCPﾌﾟﾚﾐｱﾑ(S),○,4000,○,3200,○,3200,×,-,○,×,×,×,×,×,×,×,○,×,×,×,×,×,×,×,×,×,C,最終,○,○,○,普通,×,段,4,×,1系列；4バッチ/日
25284421850,ﾗﾝﾃﾞｲｿﾌﾄCPﾌﾟﾚﾐｱﾑ(M),○,4000,○,3200,○,3200,×,-,○,×,×,×,×,×,×,×,○,×,×,×,×,×,×,×,×,×,C,最終,○,○,○,普通,×,段,4,×,1系列；4バッチ/日
25284421870,ﾗﾝﾃﾞｲｿﾌﾄCPﾌﾟﾚﾐｱﾑ(H),○,4000,○,3200,○,3200,×,-,○,×,×,×,×,×,×,×,○,×,×,×,×,×,×,×,×,×,C,最終,○,○,○,普通,×,段,4,×,1系列；4バッチ/日
25284421890,ﾗﾝﾃﾞｲｿﾌﾄCPﾌﾟﾚﾐｱﾑ(HH),○,4000,○,3200,○,3200,×,-,○,×,×,×,×,×,×,×,○,×,×,×,×,×,×,×,×,×,C,最終,○,○,○,普通,×,段,4,×,1系列；4バッチ/日
25285621830,ｵﾘﾝﾋﾟｱﾒﾛ-ｼ-ﾄ PV-EF S,×,-,×,-,限定,1800,285,12S,×,×,×,×,○,×,×,×,×,×,×,×,×,×,×,×,×,×,B,×,○,○,○,普通,×,段,×,×,
25285621850,ｵﾘﾝﾋﾟｱﾒﾛ-ｼ-ﾄ PV-EF M,×,-,×,-,限定,1800,285,12S,×,×,×,×,○,×,×,×,×,×,×,×,×,×,×,×,×,×,B,×,○,○,○,普通,×,段,×,×,
25285921830,ｴｽﾀﾌﾞﾚ(S),○,4000,○,3200,×,-,×,-,○,×,×,×,×,×,×,×,×,×,×,×,×,×,×,×,×,×,B,B-3-1,○,○,○,無し,○,段,×,×,
25285921850,ｴｽﾀﾌﾞﾚ(M),○,4000,○,3200,×,-,×,-,○,×,×,×,×,×,×,×,×,×,×,×,×,×,×,×,×,×,B,B-3-1,○,○,○,無し,○,段,×,×,
25287121850,ﾘｽﾏ-ｶﾞﾘﾝDP(M),○,4000,○,3200,×,-,×,-,○,×,×,×,×,×,×,×,×,×,×,×,×,×,×,×,×,×,C,最終,×,×,×,無し,○,段,×,×,前バッチは塩なし限定
25287621810,ｵﾘﾝﾋﾟｱﾒﾛ-ｼ-ﾄ(ｽｲ-ﾄ)SS,×,-,×,-,限定,1800,285,12S,×,×,×,×,○,×,×,×,×,×,×,×,×,×,×,×,×,×,B,×,○,○,○,低,×,段,×,×,
25287621830,ｵﾘﾝﾋﾟｱﾒﾛ-ｼ-ﾄ(ｽｲ-ﾄ) S,×,-,×,-,限定,1800,285,12S,×,×,×,×,○,×,×,×,×,×,×,×,×,×,×,×,×,×,B,×,○,○,○,低,×,段,×,×,
25287921830,ｵﾘﾝﾋﾟｱMEｼ-ﾄ 1.4K(S),×,-,×,-,限定,2100,350,9S,×,×,×,×,○,×,×,×,×,×,×,×,×,×,×,×,×,×,B,×,○,○,○,低,×,段,×,×,
25287921850,ｵﾘﾝﾋﾟｱMEｼ-ﾄ 1.4K(M),×,-,×,-,限定,2100,350,9S,×,×,×,×,○,×,×,×,×,×,×,×,×,×,×,×,×,×,B,×,○,○,○,低,×,段,×,×,
25288121830,ｴﾚﾊﾞ-ﾙｿﾌﾄ(S),限定,3500,×,-,×,-,×,-,×,○,×,×,×,×,×,×,×,×,×,×,×,×,×,×,×,×,B,最終,○,×,○,普通,○,段,×,×,掻取加熱なし、苦汁配合の為、Pｽﾀｰｼﾘｰｽﾞ最終限定（ﾛｰﾚﾙｽﾀｰとﾊﾞｯﾃｨﾝｸﾞNG）
25288121850,ｴﾚﾊﾞ-ﾙｿﾌﾄ(M),限定,3500,×,-,×,-,×,-,×,○,×,×,×,×,×,×,×,×,×,×,×,×,×,×,×,×,B,最終,○,×,○,普通,○,段,×,×,掻取加熱なし、苦汁配合の為、Pｽﾀｰｼﾘｰｽﾞ最終限定（ﾛｰﾚﾙｽﾀｰとﾊﾞｯﾃｨﾝｸﾞNG）
25290021830,ﾘｽｿﾌﾄ ﾎｲﾂﾌﾟ(S),○,3200,○,3200,×,-,×,-,○,×,×,×,×,×,×,×,×,×,×,×,×,×,×,×,×,×,B,B-3-3,○,○,○,普通,○,段,×,×,
25290021850,ﾘｽｿﾌﾄ ﾎｲﾂﾌﾟ(M),○,3200,○,3200,×,-,×,-,○,×,×,×,×,×,×,×,×,×,×,×,×,×,×,×,×,×,B,B-3-3,○,○,○,普通,○,段,×,×,
25290021870,ﾘｽｿﾌﾄ ﾎｲﾂﾌﾟ(H),○,3200,○,3200,×,-,×,-,○,×,×,×,×,×,×,×,×,×,×,×,×,×,×,×,×,×,B,B-3-3,○,○,○,普通,○,段,×,×,
25290921850,ｻﾝﾄﾞｸﾘ-ﾑﾍﾞ-ｽ(M),×,-,限定,2000,×,-,×,-,×,×,×,○,×,×,×,×,×,×,×,×,×,×,×,×,×,×,B,×,○,○,○,普通,○,段,×,×,
25291621830,ｵﾘﾝﾋﾟｱﾅﾁﾕﾗﾙｼ-ﾄ(S),×,-,×,-,限定,2000,285,12S,×,×,×,×,○,×,×,×,×,×,×,×,×,×,×,×,×,×,A,×,○,×,×,無し,×,段,×,×,アレルゲンAの中でも初回
25291921830,KCﾏ-ｶﾞﾘﾝ-Ⅱ(S),○,4000,○,3200,×,-,×,-,○,×,×,×,×,×,×,×,×,×,×,×,×,×,×,×,×,×,B,B-2-1,×,○,○,無し,○,段,×,×,
25291921850,KCﾏ-ｶﾞﾘﾝ-Ⅱ(M),○,4000,○,3200,×,-,×,-,○,×,×,×,×,×,×,×,×,×,×,×,×,×,×,×,×,×,B,B-2-1,×,○,○,無し,○,段,×,×,
25291921870,KCﾏ-ｶﾞﾘﾝ-Ⅱ(H),○,4000,○,3200,×,-,×,-,○,×,×,×,×,×,×,×,×,×,×,×,×,×,×,×,×,×,B,B-2-1,×,○,○,無し,○,段,×,×,
25293221830,YBﾏ-ｶﾞﾘﾝ-SP(S),○,4000,○,3200,×,-,×,-,○,×,×,×,×,×,×,×,×,×,×,×,×,×,×,×,×,×,B,B-3-1,○,○,○,無し,○,段,×,×,
25293321030,ﾆﾕ-YCS(3),○,4000,○,3200,×,-,×,-,○,×,×,×,×,×,×,×,×,×,×,×,×,×,×,×,×,×,B,B-3-2,○,○,○,低,○,段,×,×,
25293321040,ﾆﾕ-YCS(4),○,4000,○,3200,×,-,×,-,○,×,×,×,×,×,×,×,×,×,×,×,×,×,×,×,×,×,B,B-3-2,○,○,○,低,○,段,×,×,
25293323030,ﾆﾕ-YCS ｽﾄﾚﾂﾁ750K(3),○,4000,○,3200,×,-,×,-,○,×,×,×,×,×,×,×,×,×,×,×,×,×,×,×,×,×,B,B-3-2,○,○,○,低,○,段,×,×,ストレッチ製品の為、納期の1週間前で生産を計画
25293323040,ﾆﾕ-YCS ｽﾄﾚﾂﾁ750K(4),○,4000,○,3200,×,-,×,-,○,×,×,×,×,×,×,×,×,×,×,×,×,×,×,×,×,×,B,B-3-2,○,○,○,低,○,段,×,×,ストレッチ製品の為、納期の1週間前で生産を計画
25293326030,ﾆﾕ-YCS ｽﾄﾚﾂﾁ720K(3),○,4000,○,3200,×,-,×,-,○,×,×,×,×,×,×,×,×,×,×,×,×,×,×,×,×,×,B,B-3-2,○,○,○,低,○,段,×,×,ストレッチ製品の為、納期の1週間前で生産を計画
25293326040,ﾆﾕ-YCS ｽﾄﾚﾂﾁ720K(4),○,4000,○,3200,×,-,×,-,○,×,×,×,×,×,×,×,×,×,×,×,×,×,×,×,×,×,B,B-3-2,○,○,○,低,○,段,×,×,ストレッチ製品の為、納期の1週間前で生産を計画
25293521830,ﾌｴﾘ-ﾁｴ(S),○,4000,○,3800,○,4000,×,-,○,×,×,×,×,×,×,×,×,×,×,×,×,×,×,×,×,×,B,B-3-3,○,○,○,普通,×,段,×,×,"生産量Min2,500㎏"
25293521870,ﾌｴﾘ-ﾁｴ(H),○,4000,○,3800,○,4000,×,-,○,×,×,×,×,×,×,×,×,×,×,×,×,×,×,×,×,×,B,B-3-3,○,○,○,普通,×,段,×,×,"生産量Min2,500㎏"
25294421850,CTﾏｲﾙﾄﾞｼ-ﾄ(M),×,-,×,-,限定,1800,285,12S,×,×,×,×,○,×,×,×,×,×,×,×,×,×,×,×,×,×,B,×,○,○,○,普通,×,段,×,×,
25294521830,CTｼ-ﾄL5-ADF(S),×,-,×,-,限定,1050,285,12S,×,×,×,×,○,×,×,×,×,×,×,×,×,×,×,×,×,×,B,×,○,○,○,普通,×,段,×,×,
25294621830,MNﾏ-ｶﾞﾘﾝ(S),○,4000,○,3800,○,4000,×,-,○,×,×,×,×,×,×,×,×,×,×,×,×,×,×,×,×,×,B,B-3-1,○,○,○,無し,×,段,×,×,
25295325830,EZﾏｰｶﾞﾘﾝCP　5K(S),○,1700,○,1700,×,-,×,-,○,×,×,×,×,×,×,×,×,×,×,×,×,×,×,×,×,×,B,初回,×,×,×,×,○,段,×,×,
25295325870,EZﾏｰｶﾞﾘﾝCP　5K(H),○,1700,○,1700,×,-,×,-,○,×,×,×,×,×,×,×,×,×,×,×,×,×,×,×,×,×,B,初回,×,×,×,×,○,段,×,×,
25295521830,ｵﾘﾝﾋﾟｱｸﾚ-ﾙ(ｽﾗｲｽ)(S),×,-,×,-,限定,950,285,36S,×,×,×,×,○,×,×,×,×,×,×,×,×,×,×,×,×,×,B,×,○,○,○,普通,×,段,×,×,
25295521850,ｵﾘﾝﾋﾟｱｸﾚ-ﾙ(ｽﾗｲｽ)(M),×,-,×,-,限定,950,285,36S,×,×,×,×,○,×,×,×,×,×,×,×,×,×,×,×,×,×,B,×,○,○,○,普通,×,段,×,×,
25296221830,ﾌﾟﾚﾐｱﾑｴ-ｽ-3(S),限定,4000,×,-,×,-,×,-,×,○,×,×,×,×,×,×,×,×,×,×,×,×,×,×,×,×,B,初回,○,○,○,無し,○,段,×,×,掻取加熱有　MK限定
25297921850,EZﾏ-ｶﾞﾘﾝﾎﾜｲﾄ(M),○,4000,○,3200,×,-,×,-,○,×,×,×,×,×,×,×,×,×,×,×,×,×,×,×,×,×,A,初回,×,×,×,無し,○,段,×,×,
25297921870,EZﾏ-ｶﾞﾘﾝﾎﾜｲﾄ(H),○,4000,○,3200,×,-,×,-,○,×,×,×,×,×,×,×,×,×,×,×,×,×,×,×,×,×,A,初回,×,×,×,無し,○,段,×,×,
25298021830,SOZA-Yｽﾍﾟｼﾔﾙ(S),×,-,限定,3500,×,-,×,-,○,×,×,×,×,×,×,×,×,×,×,×,×,×,×,○,×,×,B,最終,○,○,○,無し,×,段,8,×,FK限定、前バッチは塩なし限定　初回生産不可
25299421030,ﾎﾟﾜﾛBA*(3),○,4000,○,3200,○,3200,×,-,○,×,×,×,×,×,×,×,×,×,×,×,×,×,×,×,×,×,A,A-1-2,○,○,○,無し,×,段,×,×,
25299421040,ﾎﾟﾜﾛBA*(4),○,4000,○,3200,○,3200,×,-,○,×,×,×,×,×,×,×,×,×,×,×,×,×,×,×,×,×,A,A-1-2,○,○,○,無し,×,段,×,×,
25299421050,ﾎﾟﾜﾛBA*(5),○,4000,○,3200,○,3200,×,-,○,×,×,×,×,×,×,×,×,×,×,×,×,×,×,×,×,×,A,A-1-2,○,○,○,無し,×,段,×,×,
25299424030,ﾎﾟﾜﾛBA*(3) DIR,○,4000,○,3200,○,3200,×,-,○,×,×,×,×,×,×,×,×,×,×,×,×,×,×,×,×,×,A,A-1-2,○,○,○,無し,×,段,×,×,
25299424040,ﾎﾟﾜﾛBA*(4) DIR,○,4000,○,3200,○,3200,×,-,○,×,×,×,×,×,×,×,×,×,×,×,×,×,×,×,×,×,A,A-1-2,○,○,○,無し,×,段,×,×,
25299424050,ﾎﾟﾜﾛBA*(5) DIR,○,4000,○,3200,○,3200,×,-,○,×,×,×,×,×,×,×,×,×,×,×,×,×,×,×,×,×,A,A-1-2,○,○,○,無し,×,段,×,×,
25299522830,SWﾏ-ｶﾞﾘﾝ(S),限定,3000,×,-,×,-,×,-,○,×,×,×,×,×,×,×,×,×,×,×,×,×,×,×,×,×,F,最終,○,○,○,普通,○,段,×,×,MK限定
25299522850,SWﾏ-ｶﾞﾘﾝ(M),限定,3000,×,-,×,-,×,-,○,×,×,×,×,×,×,×,×,×,×,×,×,×,×,×,×,×,F,最終,○,○,○,普通,○,段,×,×,MK限定
25300721000,ﾈｵｼｭｰM-A*,×,-,○,3200,○,3200,×,-,○,×,×,×,×,×,×,×,×,×,×,×,×,×,×,×,○,×,B,最終,○,○,○,普通,×,段,×,×,FK or KO最終限定、初回バッチからネオシューは計画できない
25300722000,ﾈｵｼｭｰM-A*,×,-,○,3200,○,3200,×,-,○,×,×,×,×,×,×,×,×,×,×,×,×,×,×,×,○,×,B,最終,○,○,○,普通,×,段,×,×,FK or KO最終限定、初回バッチからネオシューは計画できない
25300921830,ﾘｽｻｸｻｸﾏｰｶﾞﾘﾝ(S),○,4000,○,3800,○,4000,×,-,○,×,×,×,×,×,×,×,×,×,×,×,×,×,×,×,×,×,A,A-1-2,○,○,○,無し,×,段,×,×,
25301621000,ﾘｽｻｸｻｸﾏ-ｶﾞﾘﾝV,○,4000,○,3200,×,-,×,-,○,×,×,×,×,×,×,×,×,×,×,×,×,×,○,×,×,×,B,最終,○,○,○,普通,○,段,×,×,MK or FK最終限定、前バッチに規制はない
25301721830,ｴﾚﾊﾞ-ﾙFB-Ⅱ(S),○,4000,○,3200,×,-,×,-,○,×,×,×,×,×,○,×,×,×,×,×,○,×,×,×,×,×,C,最終,○,○,○,無し,○,段,1,×,MK or FK最終限定、前バッチに規制はない1日1ﾊﾞｯﾁ上限連続不可　　土曜日生産NG
25301721850,ｴﾚﾊﾞ-ﾙFB-Ⅱ(M),○,4000,○,3200,×,-,×,-,○,×,×,×,×,×,○,×,×,×,×,×,○,×,×,×,×,×,C,最終,○,○,○,無し,○,段,1,×,MK or FK最終限定、前バッチに規制はない1日1ﾊﾞｯﾁ上限連続不可　　土曜日生産NG
25301721870,ｴﾚﾊﾞ-ﾙFB-Ⅱ(H),○,4000,○,3200,×,-,×,-,○,×,×,×,×,×,○,×,×,×,×,×,○,×,×,×,×,×,C,最終,○,○,○,無し,○,段,1,×,MK or FK最終限定、前バッチに規制はない1日1ﾊﾞｯﾁ上限連続不可　　土曜日生産NG
25302821810,ﾊﾝﾄﾞｽﾌﾟﾚﾂﾄﾞ(SS),○,4000,○,3200,×,-,×,-,○,×,×,×,×,×,×,×,×,×,×,×,×,×,×,×,×,×,B,B-3-1,○,○,○,無し,○,段,×,×,
25302821830,ﾊﾝﾄﾞｽﾌﾟﾚﾂﾄﾞ(S),○,4000,○,3200,×,-,×,-,○,×,×,×,×,×,×,×,×,×,×,×,×,×,×,×,×,×,B,B-3-1,○,○,○,無し,○,段,×,×,
25302821850,ﾊﾝﾄﾞｽﾌﾟﾚﾂﾄﾞ(M),○,4000,○,3200,×,-,×,-,○,×,×,×,×,×,×,×,×,×,×,×,×,×,×,×,×,×,B,B-3-1,○,○,○,無し,○,段,×,×,
25302821870,ﾊﾝﾄﾞｽﾌﾟﾚﾂﾄﾞ(H),○,4000,○,3200,×,-,×,-,○,×,×,×,×,×,×,×,×,×,×,×,×,×,×,×,×,×,B,B-3-1,○,○,○,無し,○,段,×,×,
25303421810,FH-A6(7K)(SS),限定,3500,×,-,×,-,×,-,○,×,×,×,×,×,×,○,×,×,×,×,×,×,×,×,×,×,F,最終,○,○,○,普通,○,段,×,×,前バッチに規制はない、MK最終限定　土曜日生産NG
25303421830,FH-A6(7K)(S),限定,3500,×,-,×,-,×,-,○,×,×,×,×,×,×,○,×,×,×,×,×,×,×,×,×,×,F,最終,○,○,○,普通,○,段,×,×,前バッチに規制はない、MK最終限定　土曜日生産NG
25303422810,FH-A6(7.5K)(SS),限定,3500,×,-,×,-,×,-,○,×,×,×,×,×,×,○,×,×,×,×,×,×,×,×,×,×,F,最終,○,○,○,普通,○,段,×,×,前バッチに規制はない、MK最終限定　土曜日生産NG
25303422830,FH-A6(7.5K)(S),限定,3500,×,-,×,-,×,-,○,×,×,×,×,×,×,○,×,×,×,×,×,×,×,×,×,×,F,最終,○,○,○,普通,○,段,×,×,前バッチに規制はない、MK最終限定　土曜日生産NG
25303423810,FH-A6(8.5K)(SS),限定,3500,×,-,×,-,×,-,○,×,×,×,×,×,×,○,×,×,×,×,×,×,×,×,×,×,F,最終,○,○,○,普通,○,段,×,×,前バッチに規制はない、MK最終限定　土曜日生産NG
25303423830,FH-A6(8.5K)(S),限定,3500,×,-,×,-,×,-,○,×,×,×,×,×,×,○,×,×,×,×,×,×,×,×,×,×,F,最終,○,○,○,普通,○,段,×,×,前バッチに規制はない、MK最終限定　土曜日生産NG
25303821850,ｴﾚﾊﾞ-ﾙﾚ-ﾁｴCP(M),○,4000,○,3200,×,-,×,-,○,×,×,×,×,×,×,×,×,×,×,×,○,×,×,×,×,×,C,最終,○,×,×,無し,○,段,×,×,苦汁配合の為、最終限定
25303921810,ﾘｽｽﾌﾟﾚﾂﾄﾞY(SS),○,4000,○,3200,×,-,×,-,○,×,×,×,×,×,×,×,×,×,×,×,×,×,×,×,×,×,B,B-3-3,○,○,○,普通,×,段,×,×,
25303921830,ﾘｽｽﾌﾟﾚﾂﾄﾞY(S),○,4000,○,3200,×,-,×,-,○,×,×,×,×,×,×,×,×,×,×,×,×,×,×,×,×,×,B,B-3-3,○,○,○,普通,×,段,×,×,
25303921850,ﾘｽｽﾌﾟﾚﾂﾄﾞY(M),○,4000,○,3200,×,-,×,-,○,×,×,×,×,×,×,×,×,×,×,×,×,×,×,×,×,×,B,B-3-3,○,○,○,普通,×,段,×,×,
25303921870,ﾘｽｽﾌﾟﾚﾂﾄﾞY(H),○,4000,○,3200,×,-,×,-,○,×,×,×,×,×,×,×,×,×,×,×,×,×,×,×,×,×,B,B-3-3,○,○,○,普通,×,段,×,×,
25305021830,ｿｼｴﾙFJ(S),○,4000,○,3200,×,-,×,-,○,×,×,×,×,×,×,×,×,×,×,×,×,×,×,×,×,○,B,初回,×,×,×,無し,○,段,×,×,
25305021850,ｿｼｴﾙFJ(M),○,4000,○,3200,×,-,×,-,○,×,×,×,×,×,×,×,×,×,×,×,×,×,×,×,×,○,B,初回,×,×,×,無し,○,段,×,×,
25305321000,LAGﾏ-ｶﾞﾘﾝ,○,4000,○,4000,○,4000,×,-,○,×,×,×,×,×,×,×,×,×,×,×,×,×,×,×,×,×,A,初回,×,×,×,無し,×,段,×,×,
25305921850,LW練乳ｸﾘ-ﾑﾍﾞ-ｽ(M),×,-,限定,2000,×,-,×,-,×,×,×,○,×,×,×,×,×,×,×,×,×,×,×,×,×,×,C,×,○,○,○,普通,○,段,×,×,"基準区分あり、5,227㎏にて製造"
25305921870,LW練乳ｸﾘ-ﾑﾍﾞ-ｽ(H),×,-,限定,2000,×,-,×,-,×,×,×,○,×,×,×,×,×,×,×,×,×,×,×,×,×,×,C,×,○,○,○,普通,○,段,×,×,"基準区分あり、5,227㎏にて製造"
25307621830,ﾏﾙｼｴBｽﾗｲｽL20NEO(S),×,-,×,-,限定,1000,285,36S,×,×,×,×,×,×,×,×,×,×,×,×,×,×,×,×,×,×,B,×,○,○,○,普通,×,段,×,×,
25307921000,ﾘｽｺﾞ-ﾙﾄﾞL,○,4000,○,3800,×,-,×,-,○,×,×,×,×,×,×,×,×,×,×,×,○,×,×,×,×,×,B,B-2-1,×,○,○,無し,○,段,×,×,
25308121830,ｵﾘﾝﾋﾟｱYUｼ-ﾄ(1.4K)S,×,-,×,-,限定,1700,285,12S,×,×,×,×,○,×,×,×,×,×,×,×,×,×,×,×,×,×,B,×,○,○,○,普通,×,段,×,×,
25308221830,ﾌﾟﾗｽﾞﾏNFC(S),限定,3500,×,-,×,-,×,-,×,○,×,×,×,×,×,×,×,×,×,×,×,×,×,×,×,×,B,Pｽﾀｰ,×,○,○,普通,×,段,×,×,前バッチにプレミアムスター可。色素なしの為200㎏前カット
25308321830,EXﾏ-ｶﾞﾘﾝSK(S),○,4000,○,3200,×,-,×,-,○,×,×,×,×,×,×,×,×,×,×,×,×,×,×,×,×,×,A,A-1-1-2,×,○,○,無し,○,段,×,×,
25308321850,EXﾏ-ｶﾞﾘﾝSK(M),○,4000,○,3200,×,-,×,-,○,×,×,×,×,×,×,×,×,×,×,×,×,×,×,×,×,×,A,A-1-1-2,×,○,○,無し,○,段,×,×,
25308321870,EXﾏ-ｶﾞﾘﾝSK(H),○,4000,○,3200,×,-,×,-,○,×,×,×,×,×,×,×,×,×,×,×,×,×,×,×,×,×,A,A-1-1-2,×,○,○,無し,○,段,×,×,
25308821830,F-ADM-SP(S),○,4000,○,3200,×,-,×,-,○,×,×,×,×,×,×,×,×,×,×,×,×,×,×,×,×,○,B,初回,×,×,×,無し,○,段,×,×,前後ソシエル・PMマーガリン可
25308821870,F-ADM-SP(H),○,4000,○,3200,×,-,×,-,○,×,×,×,×,×,×,×,×,×,×,×,×,×,×,×,×,○,B,初回,×,×,×,無し,○,段,×,×,前後ソシエル・PMマーガリン可
25308921830,HCMｸﾘ-ﾑ(S),×,-,限定,2000,×,-,×,-,×,×,×,○,×,×,×,×,×,×,×,×,×,×,×,×,×,×,C,×,○,○,○,普通,○,段,×,×,
25308921850,HCMｸﾘ-ﾑ(M),×,-,限定,2000,×,-,×,-,×,×,×,○,×,×,×,×,×,×,×,×,×,×,×,×,×,×,C,×,○,○,○,普通,○,段,×,×,
25308921870,HCMｸﾘ-ﾑ(H),×,-,限定,2000,×,-,×,-,×,×,×,○,×,×,×,×,×,×,×,×,×,×,×,×,×,×,C,×,○,○,○,普通,○,段,×,×,
25309121830,ﾈｵｸﾘ-ﾐ-W沖縄海水塩S,○,3200,○,3200,×,-,×,-,○,×,×,×,×,×,×,×,×,×,×,×,×,×,×,×,×,×,B,B-3-4,○,○,○,高,○,段,×,×,
25309121850,ﾈｵｸﾘ-ﾐ-W沖縄海水塩M,○,3200,○,3200,×,-,×,-,○,×,×,×,×,×,×,×,×,×,×,×,×,×,×,×,×,×,B,B-3-4,○,○,○,高,○,段,×,×,
25309121870,ﾈｵｸﾘ-ﾐ-W沖縄海水塩H,○,3200,○,3200,×,-,×,-,○,×,×,×,×,×,×,×,×,×,×,×,×,×,×,×,×,×,B,B-3-4,○,○,○,高,○,段,×,×,
25309221830,ｺﾂﾍﾟﾘｱ(ﾐﾙｸ)-2(S),×,-,限定,2000,×,-,×,-,×,×,×,○,×,×,×,×,×,×,×,×,×,×,×,×,×,×,B,×,○,○,○,普通,○,段,×,×,
25309221850,ｺﾂﾍﾟﾘｱ(ﾐﾙｸ)-2(M),×,-,限定,2000,×,-,×,-,×,×,×,○,×,×,×,×,×,×,×,×,×,×,×,×,×,×,B,×,○,○,○,普通,○,段,×,×,
25309221870,ｺﾂﾍﾟﾘｱ(ﾐﾙｸ)-2(H),×,-,限定,2000,×,-,×,-,×,×,×,○,×,×,×,×,×,×,×,×,×,×,×,×,×,×,B,×,○,○,○,普通,○,段,×,×,
25310421830,ｼﾕｶﾞ-ﾏ-ｶﾞﾘﾝﾍﾞ-ｽ(S),○,4000,○,3200,×,-,×,-,○,×,×,×,×,×,×,×,×,×,×,×,×,×,×,×,×,×,C,C-4,○,○,○,普通,×,段,×,×,低水分、前後200kgカットあり
25310421850,ｼﾕｶﾞ-ﾏ-ｶﾞﾘﾝﾍﾞ-ｽ(M),○,4000,○,3200,×,-,×,-,○,×,×,×,×,×,×,×,×,×,×,×,×,×,×,×,×,×,C,C-4,○,○,○,普通,×,段,×,×,低水分、前後200kgカットあり
25310421870,ｼﾕｶﾞ-ﾏ-ｶﾞﾘﾝﾍﾞ-ｽ(H),○,4000,○,3200,×,-,×,-,○,×,×,×,×,×,×,×,×,×,×,×,×,×,×,×,×,×,C,C-4,○,○,○,普通,×,段,×,×,低水分、前後200kgカットあり
25310421890,ｼﾕｶﾞ-ﾏ-ｶﾞﾘﾝﾍﾞ-ｽ(HH),○,4000,○,3200,×,-,×,-,○,×,×,×,×,×,×,×,×,×,×,×,×,×,×,×,×,×,C,C-4,○,○,○,普通,×,段,×,×,低水分、前後200kgカットあり
25310721830,ﾃﾞｲｵﾈW(いちご風味)S,×,-,限定,2000,×,-,×,-,×,×,×,○,×,×,×,×,×,×,×,×,×,×,×,×,×,×,C,最終,○,○,○,普通,○,段,×,×,"基準区分あり、5,000㎏で製造"
25310721850,ﾃﾞｲｵﾈW(いちご風味)M,×,-,限定,2000,×,-,×,-,×,×,×,○,×,×,×,×,×,×,×,×,×,×,×,×,×,×,C,最終,○,○,○,普通,○,段,×,×,"基準区分あり、5,000㎏で製造"
25310721870,ﾃﾞｲｵﾈW(いちご風味)H,×,-,限定,2000,×,-,×,-,×,×,×,○,×,×,×,×,×,×,×,×,×,×,×,×,×,×,C,最終,○,○,○,普通,○,段,×,×,"基準区分あり、5,000㎏で製造"
25310821810,ｻﾙﾋﾞｱｺﾞ-ﾙﾄﾞMF10.5K(SS),○,4000,○,3200,×,-,×,-,○,×,×,×,×,×,×,×,×,×,×,×,×,×,×,×,×,×,B,B-1-1,×,○,×,無し,○,段,×,×,
25310821830,ｻﾙﾋﾞｱｺﾞ-ﾙﾄﾞMF10.5K(S),○,4000,○,3200,×,-,×,-,○,×,×,×,×,×,×,×,×,×,×,×,×,×,×,×,×,×,B,B-1-1,×,○,×,無し,○,段,×,×,
25310821850,ｻﾙﾋﾞｱｺﾞ-ﾙﾄﾞMF10.5K(M),○,4000,○,3200,×,-,×,-,○,×,×,×,×,×,×,×,×,×,×,×,×,×,×,×,×,×,B,B-1-1,×,○,×,無し,○,段,×,×,
25310921810,ﾃﾞｨｱｿﾌﾄPC-EF(SS),○,4000,○,3200,○,3200,×,-,○,×,×,×,×,×,×,×,×,×,×,×,×,×,×,×,×,×,C,C-1-3,○,○,×,高,×,段,×,×,
25310921830,ﾃﾞｨｱｿﾌﾄPC-EF(S),○,4000,○,3200,○,3200,×,-,○,×,×,×,×,×,×,×,×,×,×,×,×,×,×,×,×,×,C,C-1-3,○,○,×,高,×,段,×,×,
25310921850,ﾃﾞｨｱｿﾌﾄPC-EF(M),○,4000,○,3200,○,3200,×,-,○,×,×,×,×,×,×,×,×,×,×,×,×,×,×,×,×,×,C,C-1-3,○,○,×,高,×,段,×,×,
25310921870,ﾃﾞｨｱｿﾌﾄPC-EF(H),○,4000,○,3200,○,3200,×,-,○,×,×,×,×,×,×,×,×,×,×,×,×,×,×,×,×,×,C,C-1-3,○,○,×,高,×,段,×,×,
25312821000,BRKﾏｰｶﾞﾘﾝ,限定,3000,×,-,×,-,×,-,○,×,×,×,×,×,×,×,×,×,×,×,×,×,×,×,×,×,B,最終,○,○,○,低,○,段,3,×,
25312921830,ﾐﾙｸｸﾘｰﾑLW-3(S),×,-,限定,2000,×,-,×,-,×,×,×,○,×,×,×,×,×,×,×,×,×,×,×,×,×,×,C,×,○,○,○,普通,○,段,×,×,
25312921850,ﾐﾙｸｸﾘｰﾑLW-3(M),×,-,限定,2000,×,-,×,-,×,×,×,○,×,×,×,×,×,×,×,×,×,×,×,×,×,×,C,×,○,○,○,普通,○,段,×,×,
25312921870,ﾐﾙｸｸﾘｰﾑLW-3(H),×,-,限定,2000,×,-,×,-,×,×,×,○,×,×,×,×,×,×,×,×,×,×,×,×,×,×,C,×,○,○,○,普通,○,段,×,×,
25313021830,ｵﾘﾋﾞｱ(S),○,3200,○,3200,×,-,×,-,○,×,×,×,×,×,×,×,×,×,×,×,×,×,×,×,×,×,A,A-1-1-2,×,○,○,無し,○,段,×,×,
25313021850,ｵﾘﾋﾞｱ(M),○,3200,○,3200,×,-,×,-,○,×,×,×,×,×,×,×,×,×,×,×,×,×,×,×,×,×,A,A-1-1-2,×,○,○,無し,○,段,×,×,
25313021870,ｵﾘﾋﾞｱ(H),○,3200,○,3200,×,-,×,-,○,×,×,×,×,×,×,×,×,×,×,×,×,×,×,×,×,×,A,A-1-1-2,×,○,○,無し,○,段,×,×,
25313222030,NPﾏｰｶﾞﾘﾝCP　13K(3),○,4000,○,4000,○,4000,×,-,○,×,×,×,×,×,×,×,×,×,×,×,×,×,×,×,×,×,B,B-3-3,○,○,○,普通,×,段,×,×,
25313222040,NPﾏｰｶﾞﾘﾝCP　13K(4),○,4000,○,4000,○,4000,×,-,○,×,×,×,×,×,×,×,×,×,×,×,×,×,×,×,×,×,B,B-3-3,○,○,○,普通,×,段,×,×,
25313221030,NPﾏｰｶﾞﾘﾝCP　18K(3),○,4000,○,4000,○,4000,×,-,○,×,×,×,×,×,×,×,×,×,×,×,×,×,×,×,×,×,B,B-3-3,○,○,○,普通,×,段,×,×,
25313221040,NPﾏｰｶﾞﾘﾝCP　18K(4),○,4000,○,4000,○,4000,×,-,○,×,×,×,×,×,×,×,×,×,×,×,×,×,×,×,×,×,B,B-3-3,○,○,○,普通,×,段,×,×,
25313821830,EZﾏｰｶﾞﾘﾝ-MC,○,3200,○,3200,×,-,×,-,○,×,×,×,×,×,×,×,×,×,×,×,○,×,×,×,×,×,B,初回,×,×,×,普通,○,段,×,×,
25313823830,EZﾏｰｶﾞﾘﾝ-MC,○,3200,○,3200,×,-,×,-,○,×,×,×,×,×,×,×,×,×,×,×,○,×,×,×,×,×,B,初回,×,×,×,普通,○,段,×,×,
25314921810,ﾃﾞｨｱｿﾌﾄ-Ⅱ(SS),〇,4000or3200,〇,3200,〇,4000or3200,×,-,○,×,×,×,×,×,×,×,×,×,×,×,×,×,×,×,×,×,B,B-3-4,○,○,○,高,×,段,×,×,
25314921830,ﾃﾞｨｱｿﾌﾄ-Ⅱ(S),○,3200,○,3200,○,3200,×,-,○,×,×,×,×,×,×,×,×,×,×,×,×,×,×,×,×,×,B,B-3-4,○,○,○,高,×,段,×,×,
25314921850,ﾃﾞｨｱｿﾌﾄ-Ⅱ(M),○,3200,○,3200,○,3200,×,-,○,×,×,×,×,×,×,×,×,×,×,×,×,×,×,×,×,×,B,B-3-4,○,○,○,高,×,段,×,×,
25315021830,BCｸﾘｰﾑ練乳R(S),×,-,限定,2000,×,-,×,-,×,×,×,○,×,×,×,×,×,×,×,×,×,×,×,×,×,×,C,×,○,○,○,普通,○,段,×,×,"基準区分あり、4,900㎏で製造"
25315021850,BCｸﾘｰﾑ練乳R(M),×,-,限定,2000,×,-,×,-,×,×,×,○,×,×,×,×,×,×,×,×,×,×,×,×,×,×,C,×,○,○,○,普通,○,段,×,×,"基準区分あり、4,900㎏で製造"
25315021870,BCｸﾘｰﾑ練乳R(H),×,-,限定,2000,×,-,×,-,×,×,×,○,×,×,×,×,×,×,×,×,×,×,×,×,×,×,C,×,○,○,○,普通,○,段,×,×,"基準区分あり、4,900㎏で製造"
25315021890,BCｸﾘｰﾑ練乳R(HH),×,-,限定,2000,×,-,×,-,×,×,×,○,×,×,×,×,×,×,×,×,×,×,×,×,×,×,C,×,○,○,○,普通,○,段,×,×,
25315221850,20ﾁｰｽﾞ風味ｸﾘｰﾑ7Ｐ(M),×,-,限定,2000,×,-,×,-,×,×,×,○,×,×,×,×,×,×,×,×,×,×,×,×,×,×,C,最終,○,○,○,普通,○,段,×,×,"基準区分あり、5,200㎏で製造"
25315221870,20ﾁｰｽﾞ風味ｸﾘｰﾑ7Ｐ(H),×,-,限定,2000,×,-,×,-,×,×,×,○,×,×,×,×,×,×,×,×,×,×,×,×,×,×,C,最終,○,○,○,普通,○,段,×,×,"基準区分あり、5,200㎏で製造"
25315621830,はちみつﾊﾞﾀｰｸﾘｰﾑSP(S),×,-,限定,2000,×,-,×,-,×,×,×,○,×,×,×,×,×,×,×,×,×,×,×,×,×,×,C,最終,○,○,○,普通,○,段,×,×,
25315621850,はちみつﾊﾞﾀｰｸﾘｰﾑSP(M),×,-,限定,2000,×,-,×,-,×,×,×,○,×,×,×,×,×,×,×,×,×,×,×,×,×,×,C,最終,○,○,○,普通,○,段,×,×,
25315621870,はちみつﾊﾞﾀｰｸﾘｰﾑSP(H),×,-,限定,2000,×,-,×,-,×,×,×,○,×,×,×,×,×,×,×,×,×,×,×,×,×,×,C,最終,○,○,○,普通,○,段,×,×,
25315921000,ｸﾚﾏﾁｽ,○,4000or3200,○,3200,○,4000or3200,×,-,○,×,×,×,×,×,×,×,×,×,×,×,×,×,×,×,×,×,B,B-3-1,○,○,○,無し,○,段,×,×,
25316521830,ﾊﾞﾚｯﾄBL(S),○,3200,○,3200,×,-,×,-,○,×,×,×,×,×,×,×,×,×,×,×,○,○,×,×,×,×,C,最終,○,○,×,普通,○,段,×,×,
25316521850,ﾊﾞﾚｯﾄBL(M),○,3200,○,3200,×,-,×,-,○,×,×,×,×,×,×,×,×,×,×,×,○,○,×,×,×,×,C,最終,○,○,×,普通,○,段,×,×,
25316821000,ﾛｰﾙｲﾝﾌﾞﾛｯｸKB,○,3200,○,3200,×,-,×,-,○,×,×,×,×,×,×,×,×,×,×,×,×,×,×,×,×,×,B,B-8,×,×,×,普通,○,段,×,×,
25316921830,DPﾏｰｶﾞﾘﾝCP5,○,3200,○,3200,○,3200,×,-,○,×,×,×,×,×,×,×,×,×,×,×,×,×,×,×,×,×,B,B-3-3,○,○,○,普通,×,段,×,×,
25317121000,ﾏｰﾍﾞﾗｽSL,×,-,限定,3000,×,-,×,-,○,×,×,×,×,×,×,×,×,×,×,×,×,×,×,×,×,×,B,最終,○,○,○,無し,○,段,×,×,FK限定、前バッチは塩なし限定　初回生産不可
25317321830,ｴﾚﾊﾞｰﾙ-FB（S）,○,4000,○,3800,×,-,×,-,○,×,×,×,×,×,○,×,×,×,×,×,○,×,×,×,×,×,C,最終,○,○,○,無し,×,段,1,×,MK or FK最終限定、前バッチに規制はない1日1ﾊﾞｯﾁ上限連続不可　　土曜日生産NG
25317321850,ｴﾚﾊﾞｰﾙ-FB（M）,○,4000,○,3800,×,-,×,-,○,×,×,×,×,×,○,×,×,×,×,×,○,×,×,×,×,×,C,最終,○,○,○,無し,×,段,1,×,MK or FK最終限定、前バッチに規制はない1日1ﾊﾞｯﾁ上限連続不可　　土曜日生産NG
25317321870,ｴﾚﾊﾞｰﾙ-FB（H）,○,4000,○,3800,×,-,×,-,○,×,×,×,×,×,○,×,×,×,×,×,○,×,×,×,×,×,C,最終,○,○,○,無し,×,段,1,×,MK or FK最終限定、前バッチに規制はない1日1ﾊﾞｯﾁ上限連続不可　　土曜日生産NG
25317721000,YMAﾏｰｶﾞﾘﾝ-2,○,4000,○,3200,×,-,×,-,○,×,×,×,×,×,×,×,×,×,×,×,○,×,×,×,×,×,B,最終,○,○,○,無し,×,段,×,×,
25318021830,LCﾎｲｯﾌﾟ(ﾐﾙｸ)(S),×,-,限定,2000,×,-,×,-,×,×,×,○,×,×,×,×,×,×,×,×,×,×,×,×,×,×,C,×,○,○,○,普通,○,段,×,×,
25318021850,LCﾎｲｯﾌﾟ(ﾐﾙｸ)(M),×,-,限定,2000,×,-,×,-,×,×,×,○,×,×,×,×,×,×,×,×,×,×,×,×,×,×,C,×,○,○,○,普通,○,段,×,×,
25318021870,LCﾎｲｯﾌﾟ(ﾐﾙｸ)(H),×,-,限定,2000,×,-,×,-,×,×,×,○,×,×,×,×,×,×,×,×,×,×,×,×,×,×,C,×,○,○,○,普通,○,段,×,×,
25318221830,FS練乳ｸﾘｰﾑ-Ⅱ(S),×,-,限定,2100,×,-,×,-,×,×,×,○,×,×,×,×,×,×,×,×,×,×,×,×,×,×,C,×,○,○,○,普通,○,段,×,×,
25318221850,FS練乳ｸﾘｰﾑ-Ⅱ(M),×,-,限定,2100,×,-,×,-,×,×,×,○,×,×,×,×,×,×,×,×,×,×,×,×,×,×,C,×,○,○,○,普通,○,段,×,×,
25318221870,FS練乳ｸﾘｰﾑ-Ⅱ(H),×,-,限定,2100,×,-,×,-,×,×,×,○,×,×,×,×,×,×,×,×,×,×,×,×,×,×,C,×,○,○,○,普通,○,段,×,×,
25318321000,ｵﾘﾝﾋﾟｱCLｼ-ﾄ20,×,-,×,-,限定,1050,285,12S,×,×,×,×,○,×,×,×,×,×,×,×,×,×,×,×,×,×,C,×,○,○,○,普通,×,段,×,×,
25318521030,ｺｯﾍﾟﾘｱﾐﾙｸ(3),×,-,限定,2000,×,-,×,-,×,×,×,○,×,×,×,×,×,×,×,×,×,×,×,×,×,×,B,×,○,○,○,普通,○,段,×,×,
25318521040,ｺｯﾍﾟﾘｱﾐﾙｸ(4),×,-,限定,2000,×,-,×,-,×,×,×,○,×,×,×,×,×,×,×,×,×,×,×,×,×,×,B,×,○,○,○,普通,○,段,×,×,
25318521050,ｺｯﾍﾟﾘｱﾐﾙｸ(5),×,-,限定,2000,×,-,×,-,×,×,×,○,×,×,×,×,×,×,×,×,×,×,×,×,×,×,B,×,○,○,○,普通,○,段,×,×,
25318621030,ﾘｽﾊﾟｰﾙSP(3),×,-,限定,2000,×,-,×,-,×,×,×,○,×,×,×,×,×,×,×,×,×,×,×,×,×,×,B,×,○,○,○,普通,○,段,×,×,
25318621040,ﾘｽﾊﾟｰﾙSP(4),×,-,限定,2000,×,-,×,-,×,×,×,○,×,×,×,×,×,×,×,×,×,×,×,×,×,×,B,×,○,○,○,普通,○,段,×,×,
25318621050,ﾘｽﾊﾟｰﾙSP(5),×,-,限定,2000,×,-,×,-,×,×,×,○,×,×,×,×,×,×,×,×,×,×,×,×,×,×,B,×,○,○,○,普通,○,段,×,×,
25318921850,ﾌﾛｲﾃﾞP-BF(M),○,4000,○,4000,×,-,×,-,○,×,×,×,×,×,×,×,×,×,×,×,×,×,×,×,×,×,B,B-3-2,○,○,○,低,○,段,×,×,
25319221830,ﾐﾙｸｸﾘ-ﾑLW-4(S),×,-,限定,2100,×,-,×,-,×,×,×,○,×,×,×,×,×,×,×,×,×,×,×,×,×,×,C,×,○,○,○,普通,○,段,×,×,
25319221850,ﾐﾙｸｸﾘ-ﾑLW-4(M),×,-,限定,2100,×,-,×,-,×,×,×,○,×,×,×,×,×,×,×,×,×,×,×,×,×,×,C,×,○,○,○,普通,○,段,×,×,
25319221870,ﾐﾙｸｸﾘ-ﾑLW-4(H),×,-,限定,2100,×,-,×,-,×,×,×,○,×,×,×,×,×,×,×,×,×,×,×,×,×,×,C,×,○,○,○,普通,○,段,×,×,
25319521830,ｽﾌﾟﾚｯﾄﾞﾏｰｶﾞﾘﾝB-V(S),○,3200,○,3200,○,3200,×,-,○,×,×,×,×,×,×,×,×,×,×,×,×,×,×,×,×,×,B,B-3-4,○,○,○,高,×,段,×,×,
25319521850,ｽﾌﾟﾚｯﾄﾞﾏｰｶﾞﾘﾝB-V(M),○,3200,○,3200,○,3200,×,-,○,×,×,×,×,×,×,×,×,×,×,×,×,×,×,×,×,×,B,B-3-4,○,○,○,高,×,段,×,×,
25319521870,ｽﾌﾟﾚｯﾄﾞﾏｰｶﾞﾘﾝB-V(H),○,3200,○,3200,○,3200,×,-,○,×,×,×,×,×,×,×,×,×,×,×,×,×,×,×,×,×,B,B-3-4,○,○,○,高,×,段,×,×,
25319621850,LPﾏｰｶﾞﾘﾝW-3(M),○,2800,○,2800,×,-,×,-,○,×,×,×,×,×,×,×,×,×,×,×,×,×,×,×,×,×,A,A-3-2,○,○,○,普通,○,段,×,×,
25319621870,LPﾏｰｶﾞﾘﾝW-3(H),○,2800,○,2800,×,-,×,-,○,×,×,×,×,×,×,×,×,×,×,×,×,×,×,×,×,×,A,A-3-2,○,○,○,普通,○,段,×,×,
25319721830,M-YR,○,4000,○,3200,×,-,×,-,○,×,×,×,×,×,×,×,×,×,×,×,×,×,×,×,×,×,B,B-3-1,○,○,○,無し,○,段,×,×,
25319821810,BPﾏ-ｶﾞﾘﾝA-3(SS),○,4000,○,3200,×,-,×,-,○,×,×,×,×,×,×,×,×,×,×,×,×,×,×,×,×,×,B,B-3-2,○,○,○,低,○,段,×,×,
25321421830,SHｸﾘｰﾑﾍﾞｰｽW(S),×,-,〇,2000,×,-,×,-,×,×,×,○,×,×,×,×,×,×,×,×,×,×,×,×,×,×,C,×,○,○,○,普通,○,段,×,×,
25321421850,SHｸﾘｰﾑﾍﾞｰｽW(M),×,-,〇,2000,×,-,×,-,×,×,×,○,×,×,×,×,×,×,×,×,×,×,×,×,×,×,C,×,○,○,○,普通,○,段,×,×,
25321421870,SHｸﾘｰﾑﾍﾞｰｽW(H),×,-,〇,2000,×,-,×,-,×,×,×,○,×,×,×,×,×,×,×,×,×,×,×,×,×,×,C,×,○,○,○,普通,○,段,×,×,
25321821850,ｵﾘﾝﾋﾟｱﾛｰﾔﾙｼｰﾄ(M),×,-,×,-,○,1700,285,1S,×,×,×,×,○,×,×,×,×,×,×,×,×,×,×,×,×,×,B,×,○,○,○,普通,×,段,×,×,
25322921850,KCｼｰﾄ（500ℊ）(M),×,-,×,-,○,1000,350,5S,×,×,×,×,○,×,×,×,×,×,×,×,×,×,×,×,×,×,B,×,○,○,○,普通,×,段,×,×,
25323021000,YQﾏｰｶﾞﾘﾝ,○,4000,○,3200,×,-,×,-,○,×,×,×,×,×,×,×,×,×,×,×,×,×,×,×,×,×,B,B-3-2,○,○,○,低,○,段,×,×,
25323421810,ﾛﾜｰﾙCPﾌﾟﾚﾐｱﾑ-F(SS),○,4000,○,3700,○,4000,×,-,○,×,×,×,×,×,×,×,○,×,×,×,×,×,×,×,×,×,C,最終,○,○,×,普通,×,段,5,×,1系列；5バッチ/日
25323421830,ﾛﾜｰﾙCPﾌﾟﾚﾐｱﾑ-F(S),○,4000,○,3700,○,4000,×,-,○,×,×,×,×,×,×,×,○,×,×,×,×,×,×,×,×,×,C,最終,○,○,×,普通,×,段,5,×,1系列；5バッチ/日
25323421850,ﾛﾜｰﾙCPﾌﾟﾚﾐｱﾑ-F(M),○,4000,○,3700,○,4000,×,-,○,×,×,×,×,×,×,×,○,×,×,×,×,×,×,×,×,×,C,最終,○,○,×,普通,×,段,5,×,1系列；5バッチ/日
25323421870,ﾛﾜｰﾙCPﾌﾟﾚﾐｱﾑ-F(H),○,4000,○,3700,○,4000,×,-,○,×,×,×,×,×,×,×,○,×,×,×,×,×,×,×,×,×,C,最終,○,○,×,普通,×,段,5,×,1系列；5バッチ/日
25324221830,ｸﾘｰﾐｰｿﾌﾄY(S),○,4000,○,3700,×,-,×,-,○,×,×,×,×,×,×,×,×,×,×,×,×,×,×,×,×,×,B,B-3-3,○,○,○,普通,×,段,×,×,
25324221850,ｸﾘｰﾐｰｿﾌﾄY(M),○,4000,○,3700,×,-,×,-,○,×,×,×,×,×,×,×,×,×,×,×,×,×,×,×,×,×,B,B-3-3,○,○,○,普通,×,段,×,×,
25324221870,ｸﾘｰﾐｰｿﾌﾄY(H),○,4000,○,3700,×,-,×,-,○,×,×,×,×,×,×,×,×,×,×,×,×,×,×,×,×,×,B,B-3-3,○,○,○,普通,×,段,×,×,
25324721000,ｸﾚﾏﾁｽ2204,○,4000,○,3200,×,-,×,-,○,×,×,×,×,×,×,×,×,×,×,×,×,×,×,×,×,×,B,B-5,○,○,×,無し,○,段,×,×,
25325021830,練乳ｸﾘｰﾑHK（S）,×,-,限定,2000,×,-,×,-,×,×,×,○,×,×,×,×,×,×,×,×,×,×,×,×,×,×,C,×,×,○,○,無し,○,段,×,×,"基準区分あり、4,900㎏で製造"
25325021850,練乳ｸﾘｰﾑHK（M）,×,-,限定,2000,×,-,×,-,×,×,×,○,×,×,×,×,×,×,×,×,×,×,×,×,×,×,C,×,×,○,○,無し,○,段,×,×,"基準区分あり、4,900㎏で製造"
25325021870,練乳ｸﾘｰﾑHK（H）,×,-,限定,2000,×,-,×,-,×,×,×,○,×,×,×,×,×,×,×,×,×,×,×,×,×,×,C,×,×,○,○,無し,○,段,×,×,"基準区分あり、4,900㎏で製造"
25325121830,ｵﾘﾝﾋﾟｱﾃﾞﾗｯｸｽ(有塩)6K(S),○,2950,○,2950,○,2950,×,-,○,×,×,×,×,×,×,×,×,×,×,×,○,×,×,×,×,×,B,B-3-4,○,○,○,高,×,段,×,×,２ﾊﾞｯﾁ枠必要　流速遅い
25325121850,ｵﾘﾝﾋﾟｱﾃﾞﾗｯｸｽ(有塩)6K(M),○,2950,○,2950,○,2950,×,-,○,×,×,×,×,×,×,×,×,×,×,×,○,×,×,×,×,×,B,B-3-4,○,○,○,高,×,段,×,×,２ﾊﾞｯﾁ枠必要　流速遅い
25325321850,ﾊﾞﾀｰ入り塩ｽﾌﾟﾚｯﾄﾞ-Ⅱ(M),○,3200,○,3200,×,-,×,-,○,×,×,×,×,×,×,×,×,×,×,×,×,×,×,×,×,×,B,B-3-3,○,○,○,普通,○,段,×,×,
25325321870,ﾊﾞﾀｰ入り塩ｽﾌﾟﾚｯﾄﾞ-Ⅱ(H),○,3200,○,3200,×,-,×,-,○,×,×,×,×,×,×,×,×,×,×,×,×,×,×,×,×,×,B,B-3-3,○,○,○,普通,○,段,×,×,
25325521830,ﾈｵｸﾘｰﾐｰﾎｲｯﾌﾟ-LN(S),○,3200,○,3200,×,-,×,-,○,×,×,×,×,×,×,×,×,×,×,×,×,×,×,×,×,×,B,B-3-4,○,○,○,高,○,段,×,×,
25325521850,ﾈｵｸﾘｰﾐｰﾎｲｯﾌﾟ-LN(M),○,3200,○,3200,×,-,×,-,○,×,×,×,×,×,×,×,×,×,×,×,×,×,×,×,×,×,B,B-3-4,○,○,○,高,○,段,×,×,
25325521870,ﾈｵｸﾘｰﾐｰﾎｲｯﾌﾟ-LN(H),○,3200,○,3200,×,-,×,-,○,×,×,×,×,×,×,×,×,×,×,×,×,×,×,×,×,×,B,B-3-4,○,○,○,高,○,段,×,×,
25325621830,BRﾏｰｶﾞﾘﾝ(S),○,2400,○,2400,○,2400,×,-,○,×,×,×,×,×,×,×,×,×,×,×,○,×,×,×,×,×,B,B-3-2,○,○,○,低,×,,,,
25325621850,BRﾏｰｶﾞﾘﾝ(M),○,2400,○,2400,○,2400,×,-,○,×,×,×,×,×,×,×,×,×,×,×,○,×,×,×,×,×,B,B-3-2,○,○,○,低,×,,,,
25325621870,BRﾏｰｶﾞﾘﾝ(H),○,2400,○,2400,○,2400,×,-,○,×,×,×,×,×,×,×,×,×,×,×,○,×,×,×,×,×,B,B-3-2,○,○,○,低,×,,,,
25325721000,CNCﾏｰｶﾞﾘﾝ,限定,3000,×,-,×,-,×,-,○,×,×,×,×,×,×,×,×,×,×,×,×,×,×,×,×,×,F,最終,○,○,○,無し,○,段,×,×,前バッチに規制はない、MK最終限定　土曜日生産NG
25326421830,ｶﾚﾝﾃｨS(ｺﾝｿﾒ風味)(S),×,-,×,-,○,1800,285,12S,×,×,×,×,○,×,×,×,×,×,×,×,×,×,×,×,×,×,C,×,○,○,×,低,×,段,×,×,
25326621830,ﾗﾝﾃﾞｨCPﾏｰｶﾞﾘﾝ-F(S),○,4000,○,3700,○,4000,×,-,○,×,×,×,×,×,×,×,○,×,×,×,×,×,×,×,×,×,C,最終,○,○,×,普通,×,段,5,×,1系列；5バッチ/日
25326621850,ﾗﾝﾃﾞｨCPﾏｰｶﾞﾘﾝ-F(M),○,4000,○,3700,○,4000,×,-,○,×,×,×,×,×,×,×,○,×,×,×,×,×,×,×,×,×,C,最終,○,○,×,普通,×,段,5,×,1系列；5バッチ/日
25326621870,ﾗﾝﾃﾞｨCPﾏｰｶﾞﾘﾝ-F(H),○,4000,○,3700,○,4000,×,-,○,×,×,×,×,×,×,×,○,×,×,×,×,×,×,×,×,×,C,最終,○,○,×,普通,×,段,5,×,1系列；5バッチ/日
25327921000,ｼｭﾄﾘｰﾑ,×,-,○,3200,○,4000or3200,×,-,○,×,×,×,×,×,×,×,×,×,×,×,×,×,×,×,○,×,B,最終,×,×,○,無し,×,段,×,×,FK or KO最終限定、初回バッチからネオシューは計画できない
25350421000,ﾈｵｼﾕ-M (T),×,-,○,3800,○,4000,×,-,○,×,×,×,×,×,×,×,×,×,×,×,×,×,×,×,○,×,B,最終,○,○,○,普通,×,段,×,×,FK or KO最終限定、初回バッチからネオシューは計画できない
25350821830,ﾊﾞﾀ-ﾘﾂﾁﾄｶﾁADF(S),○,4000,○,3800,○,4000,×,-,○,×,×,×,×,×,×,×,×,×,×,×,×,×,×,×,×,×,B,最終,○,○,○,普通,×,段,×,×,バター多量配合のため最終限定、前バッチに規制はない
25350821850,ﾊﾞﾀ-ﾘﾂﾁﾄｶﾁADF(M),○,4000,○,3800,○,4000,×,-,○,×,×,×,×,×,×,×,×,×,×,×,×,×,×,×,×,×,B,最終,○,○,○,普通,×,段,×,×,バター多量配合のため最終限定、前バッチに規制はない
25352021000,ﾌﾟﾗｽﾞﾏAR,○,3000,×,-,×,-,×,-,×,○,×,×,×,×,×,×,×,×,×,×,×,×,×,×,×,×,A,Pｽﾀｰ,×,×,○,普通,×,段,×,×,
25352321000,ｸﾚﾏﾁｽCP,○,4000or3200,○,3200,○,4000or3200,×,-,○,×,×,×,×,×,×,×,×,×,×,×,○,×,×,×,×,×,B,B-3-1,○,○,○,無し,○,段,×,×,
25352421000,ｺ-ﾃｲﾝｸﾞﾌｱﾂﾄ,○,2800,○,2800,×,-,×,-,○,×,×,×,×,×,×,×,×,×,×,×,×,×,×,×,×,×,B,B-2-1,×,○,○,無し,×,段,×,×,
25352521000,YMAﾏｰｶﾞﾘﾝ-3,○,4000,○,3800,○,4000,×,-,○,×,×,×,×,×,×,×,×,×,×,×,○,×,×,×,×,×,B,最終,×,○,×,無し,○,段,×,×,
25352621000,ﾏｰﾍﾞﾗｽCNC,,,,,,,,,,,,,,,,,,,,,,,,,,,,,,,,,,,,,
25352721830,ﾏｰｶﾞﾘﾝBF(S),○,3200,○,3200,×,-,×,-,○,×,×,×,×,×,×,×,×,×,×,×,×,×,×,×,×,×,A,初回,×,×,×,無し,〇,段,×,×,
25352921000,ﾃﾞﾘﾌﾟﾗﾝﾂｺｸｱｯﾌﾟ,○,3200,○,3200,×,-,×,-,○,×,×,×,×,×,×,×,×,×,×,×,×,×,×,×,×,×,A,初回,×,×,×,無し,〇,段,×,×,
25353021830,TKﾏｰｶﾞﾘﾝ(S),○,4000,○,3700,○,3700,×,-,○,×,×,×,×,×,×,×,×,×,×,×,×,×,×,×,×,×,B,B-5,○,○,×,無し,×,段,×,×,
25353021870,TKﾏｰｶﾞﾘﾝ(H),○,4000,○,3700,○,3700,×,-,○,×,×,×,×,×,×,×,×,×,×,×,×,×,×,×,×,×,B,B-5,○,○,×,無し,×,段,×,×,
25353121850,APﾏｰｶﾞﾘﾝ(M),○,2000,○,2000,○,2000,×,-,○,×,×,×,×,×,×,×,×,×,×,×,×,×,×,×,×,×,A,初回,×,○,×,低,×,段,×,×,
25391921000,ｸﾚﾏﾁｽEF,○,4000,○,3200,×,-,×,-,○,×,×,×,×,×,×,×,×,×,×,×,×,×,×,×,×,×,B,B-5,○,○,×,無し,○,段,×,×,
25398621000,ﾋﾟｱﾁｪ,×,-,限定,3200,限定,3200,×,-,○,×,×,×,×,×,×,×,×,×,×,×,○,×,×,×,×,×,B,B-2-1,×,○,○,無し,×,段,×,×,
25398622000,ﾋﾟｱﾁｪ,×,-,○,3200,○,3200,×,-,○,×,×,×,×,×,×,×,×,×,×,×,×,×,×,×,×,×,B,B-2-1,×,○,○,無し,×,段,×,×,
25451921030,ﾊｲﾏ-ﾁ(ﾐﾙｸ) DF(3),×,-,限定,2000,×,-,×,-,×,×,×,○,×,×,×,×,×,×,×,×,×,×,×,×,×,×,B,初回,○,○,○,普通,○,段,1,2,原料によるリードタイムあり。液糖入荷に10日必要　1日1ﾊﾞｯﾁ上限連続不可　２ﾊﾞｯﾁ枠必要
25451921040,ﾊｲﾏ-ﾁ(ﾐﾙｸ) DF(4),×,-,限定,2000,×,-,×,-,×,×,×,○,×,×,×,×,×,×,×,×,×,×,×,×,×,×,B,初回,○,○,○,普通,○,段,1,2,原料によるリードタイムあり。液糖入荷に10日必要　1日1ﾊﾞｯﾁ上限連続不可　２ﾊﾞｯﾁ枠必要
25451921050,ﾊｲﾏ-ﾁ(ﾐﾙｸ) DF(5),×,-,限定,2000,×,-,×,-,×,×,×,○,×,×,×,×,×,×,×,×,×,×,×,×,×,×,B,初回,○,○,○,普通,○,段,1,2,原料によるリードタイムあり。液糖入荷に10日必要　1日1ﾊﾞｯﾁ上限連続不可　２ﾊﾞｯﾁ枠必要
25451921060,ﾊｲﾏ-ﾁ(ﾐﾙｸ) DF(6),×,-,限定,2000,×,-,×,-,×,×,×,○,×,×,×,×,×,×,×,×,×,×,×,×,×,×,B,初回,○,○,○,普通,○,段,1,2,原料によるリードタイムあり。液糖入荷に10日必要　1日1ﾊﾞｯﾁ上限連続不可　２ﾊﾞｯﾁ枠必要
25451921070,ﾊｲﾏ-ﾁ(ﾐﾙｸ) DF(7),×,-,限定,2000,×,-,×,-,×,×,×,○,×,×,×,×,×,×,×,×,×,×,×,×,×,×,B,初回,○,○,○,普通,○,段,1,2,原料によるリードタイムあり。液糖入荷に10日必要　1日1ﾊﾞｯﾁ上限連続不可　２ﾊﾞｯﾁ枠必要
25452721830,ﾚﾝﾆﾕｳｸﾘｰﾑ(S),×,-,限定,2000,×,-,×,-,×,×,×,○,×,×,×,×,×,×,×,×,×,×,×,×,×,×,C,×,○,○,○,普通,○,段,×,×,
25452721850,ﾚﾝﾆﾕｳｸﾘｰﾑ(M),×,-,限定,2000,×,-,×,-,×,×,×,○,×,×,×,×,×,×,×,×,×,×,×,×,×,×,C,×,○,○,○,普通,○,段,×,×,
25452721870,ﾚﾝﾆﾕｳｸﾘｰﾑ(H),×,-,限定,2000,×,-,×,-,×,×,×,○,×,×,×,×,×,×,×,×,×,×,×,×,×,×,C,×,○,○,○,普通,○,段,×,×,
25452721890,ﾚﾝﾆﾕｳｸﾘｰﾑ(HH),×,-,限定,2000,×,-,×,-,×,×,×,○,×,×,×,×,×,×,×,×,×,×,×,×,×,×,C,×,○,○,○,普通,○,段,×,×,
25460721830,LWﾐﾙｸｸﾘｰﾑﾍﾞｰｽYZ(S),×,-,限定,2000,×,-,×,-,×,×,×,○,×,×,×,×,×,×,×,×,×,×,×,×,×,×,C,×,×,○,×,普通,○,段,×,×,
25460721850,LWﾐﾙｸｸﾘｰﾑﾍﾞｰｽYZ(M),×,-,限定,2000,×,-,×,-,×,×,×,○,×,×,×,×,×,×,×,×,×,×,×,×,×,×,C,×,×,○,×,普通,○,段,×,×,
25460721870,LWﾐﾙｸｸﾘｰﾑﾍﾞｰｽYZ(H),×,-,限定,2000,×,-,×,-,×,×,×,○,×,×,×,×,×,×,×,×,×,×,×,×,×,×,C,×,×,○,×,普通,○,段,×,×,
25566021850,EZﾏｰｶﾞﾘﾝ-R(M),〇,4000or3200,〇,3200,〇,4000or3200,×,-,○,×,×,×,×,×,×,×,×,×,×,×,×,×,×,×,×,×,B,B-5,○,○,×,無し,○,段,×,×,
25566021870,EZﾏｰｶﾞﾘﾝ-R(H),〇,4000or3200,〇,3200,〇,4000or3200,×,-,○,×,×,×,×,×,×,×,×,×,×,×,×,×,×,×,×,×,B,B-5,○,○,×,無し,○,段,×,×,
25800221830,MB-ｿｼｴﾙ10K(S),○,4000,○,3200,×,-,×,-,○,×,×,×,×,×,×,×,×,×,×,×,×,×,×,×,×,○,B,初回,×,×,×,無し,×,段,×,×,ＭＫ　ｏｒ　ＦＫ限定
25800221850,MB-ｿｼｴﾙ10K(M),○,4000,○,3200,×,-,×,-,○,×,×,×,×,×,×,×,×,×,×,×,×,×,×,×,×,○,B,初回,×,×,×,無し,×,段,×,×,ＭＫ　ｏｒ　ＦＫ限定
25800521830,MB-ｵﾘﾝﾋﾟｱCRｼ-ﾄ-SP(S),×,-,×,-,限定,1800,285,12S,×,×,×,×,○,×,×,×,×,×,×,×,×,×,×,×,×,×,B,×,○,○,○,低,×,段,×,×,
25803401830,MB-ｵﾘﾝﾋﾟｱｼｰﾄL(CNT)(S),×,-,×,-,限定,2000,285,ﾚﾝﾀﾙCNT,×,×,×,×,○,×,×,×,×,×,×,×,×,×,×,×,×,×,B,×,○,○,○,高,×,コンテナ,×,×,要員が必要な為、時間指定あり(7:20～23:00間で計画)
25803401850,MB-ｵﾘﾝﾋﾟｱｼｰﾄL(CNT)(M),×,-,×,-,限定,2000,285,ﾚﾝﾀﾙCNT,×,×,×,×,○,×,×,×,×,×,×,×,×,×,×,×,×,×,B,×,○,○,○,高,×,コンテナ,×,×,要員が必要な為、時間指定あり(7:20～23:00間で計画)
25803621830,MB-ｱﾛﾏｺﾞｰﾙﾄﾞCS(S),○,4000,○,4000,×,-,×,-,○,×,×,×,×,×,×,×,×,○,×,×,○,×,×,×,×,×,B,最終,○,○,○,無し,×,段,×,×,MK or FK最終限定、前ﾊﾞｯﾁは塩無しを組む　土曜日生産NG
25803621850,MB-ｱﾛﾏｺﾞｰﾙﾄﾞCS(M),○,4000,○,4000,×,-,×,-,○,×,×,×,×,×,×,×,×,○,×,×,○,×,×,×,×,×,B,最終,○,○,○,無し,×,段,×,×,MK or FK最終限定、前ﾊﾞｯﾁは塩無しを組む　土曜日生産NG
25804521000,ﾃﾞﾘﾌﾟﾘﾗﾝﾂﾏｰｶﾞﾘﾝ,○,4000,○,3700,○,4000,×,-,○,×,×,×,×,×,×,×,×,×,×,×,×,×,×,×,×,×,A,A-1-1-1,×,×,○,低,×,段,×,×,
25804621000,ｵﾘﾝﾋﾟｱMM2204(1.2K),×,-,×,-,○,1700,285,12S,×,×,×,×,○,×,×,×,×,×,×,×,×,×,×,×,×,×,C,×,×,○,×,普通,×,段,×,×,
25911711000,ﾄﾙﾃ,限定,3600,×,-,×,-,×,-,×,×,○,×,×,×,×,×,×,×,×,×,×,×,×,×,×,×,A,初回,○,○,○,無し,×,缶,×,×,
25921411000,ｼﾞｴﾉﾜ-ｽﾞ,限定,3000,×,-,×,-,×,-,×,×,○,×,×,×,×,×,×,×,×,×,×,×,×,×,×,×,A,初回,○,○,○,無し,×,缶,1,×,前日から副原料を溶解するので月曜日計画不可
25921511000,ｼﾞｴﾉﾜ-ｽﾞ LT,限定,3000,×,-,×,-,×,-,×,×,○,×,×,×,×,×,×,×,×,×,×,×,×,×,×,×,A,初回,○,○,○,無し,×,缶,×,×,前日から副原料を溶解するので月曜日計画不可
25921551000,ｼﾞｴﾉﾜ-ｽﾞ LT (ﾄﾞﾗﾑ),限定,3000,×,-,×,-,×,-,×,×,○,×,×,×,×,×,×,×,×,×,×,×,×,×,×,×,A,初回,○,○,○,無し,×,ドラム,×,×,前日から副原料を溶解するので月曜日計画不可
25921611000,ｼﾞｴﾉﾜ-ｽﾞGS,限定,3000,×,-,×,-,×,-,×,×,○,×,×,×,×,×,×,×,×,×,×,×,×,×,×,×,A,初回,○,○,○,無し,×,缶,×,×,前日から副原料を溶解するので月曜日計画不可
25922221000,CLUBHARIE,限定,2500,×,-,×,-,×,-,×,×,○,×,×,×,×,×,×,×,×,×,×,×,×,×,×,×,A,初回,○,○,○,無し,×,段,×,×,前日から副原料を溶解するので月曜日計画不可
26513500020,ﾚｽﾄﾗﾝ (T) ｶﾝ-2,○,3200,○,3200,○,3200,×,-,○,×,×,×,×,×,×,×,×,×,×,×,×,×,×,×,×,×,A,A-3-1,○,○,○,高,×,缶,×,×,荷姿；缶で一般マーガリン
26513500030,ﾚｽﾄﾗﾝ (T) ｶﾝ-3,○,3200,○,3200,○,3200,×,-,○,×,×,×,×,×,×,×,×,×,×,×,×,×,×,×,×,×,A,A-3-1,○,○,○,高,×,缶,×,×,荷姿；缶で一般マーガリン
26513500040,ﾚｽﾄﾗﾝ (T) ｶﾝ-4,○,3200,○,3200,○,3200,×,-,○,×,×,×,×,×,×,×,×,×,×,×,×,×,×,×,×,×,A,A-3-1,○,○,○,高,×,缶,×,×,荷姿；缶で一般マーガリン
26513500050,ﾚｽﾄﾗﾝ (T) ｶﾝ-5,○,3200,○,3200,○,3200,×,-,○,×,×,×,×,×,×,×,×,×,×,×,×,×,×,×,×,×,A,A-3-1,○,○,○,高,×,缶,×,×,荷姿；缶で一般マーガリン
26513500060,ﾚｽﾄﾗﾝ (T) ｶﾝ-6,○,3200,○,3200,○,3200,×,-,○,×,×,×,×,×,×,×,×,×,×,×,×,×,×,×,×,×,A,A-3-1,○,○,○,高,×,缶,×,×,荷姿；缶で一般マーガリン
26514121000,ｼｴﾌﾏ-ｶﾞﾘﾝ LS-N,○,4000,○,3200,○,3200,×,-,○,×,×,×,×,×,×,×,×,×,×,×,×,×,×,×,×,×,A,A-1-1-1,×,×,○,低,×,段,×,×,
348885ZQ,ｵﾘﾝﾋﾟｱｽﾄﾛｰ V-EFｹﾞﾝﾀﾝ,×,-,×,-,限定,2250,285,1S,×,×,×,×,○,×,×,×,×,×,×,×,×,×,×,×,×,×,B,×,○,○,○,普通,×,段,×,×,
348889ZQ,ｵﾘﾝﾋﾟｱｸﾘｽﾋﾟｰ ｽﾄﾛｰｹﾞﾝ,×,-,×,-,限定,2100,285,1S,×,×,×,×,○,×,×,×,×,×,×,×,×,×,×,×,×,×,B,×,○,○,○,普通,×,段,×,×,
351562BS,YCSﾏｰｶﾞﾘﾝ(ｽﾄﾚｯﾁ)(2),○,4000,○,3200,○,3200,×,-,○,×,×,×,×,×,×,×,×,×,×,×,×,×,×,×,×,×,B,B-3-2,○,○,○,低,×,段,×,×,ストレッチ製品の為、納期の1週間前で生産を計画
351562CP,YCSﾏｰｶﾞﾘﾝ ｽﾄﾚﾂﾁ720K3,○,4000,○,3200,○,3200,×,-,○,×,×,×,×,×,×,×,×,×,×,×,×,×,×,×,×,×,B,B-3-2,○,○,○,低,×,段,×,×,ストレッチ製品の為、納期の1週間前で生産を計画
351562CQ,YCSﾏｰｶﾞﾘﾝ ｽﾄﾚｯﾁ750K3,○,4000,○,3200,○,3200,×,-,○,×,×,×,×,×,×,×,×,×,×,×,×,×,×,×,×,×,B,B-3-2,○,○,○,低,×,段,×,×,ストレッチ製品の為、納期の1週間前で生産を計画
351562CS,YCSﾏｰｶﾞﾘﾝ(ｽﾄﾚｯﾁ)(3),○,4000,○,3200,○,3200,×,-,○,×,×,×,×,×,×,×,×,×,×,×,×,×,×,×,×,×,B,B-3-2,○,○,○,低,×,段,×,×,ストレッチ製品の為、納期の1週間前で生産を計画
351562DP,YCSﾏｰｶﾞﾘﾝ ｽﾄﾚﾂﾁ720K4,○,4000,○,3200,○,3200,×,-,○,×,×,×,×,×,×,×,×,×,×,×,×,×,×,×,×,×,B,B-3-2,○,○,○,低,×,段,×,×,ストレッチ製品の為、納期の1週間前で生産を計画
351562DQ,YCSﾏｰｶﾞﾘﾝ ｽﾄﾚｯﾁ750K4,○,4000,○,3200,○,3200,×,-,○,×,×,×,×,×,×,×,×,×,×,×,×,×,×,×,×,×,B,B-3-2,○,○,○,低,×,段,×,×,ストレッチ製品の為、納期の1週間前で生産を計画
351562DS,YCSﾏｰｶﾞﾘﾝ(ｽﾄﾚｯﾁ)(4),○,4000,○,3200,○,3200,×,-,○,×,×,×,×,×,×,×,×,×,×,×,×,×,×,×,×,×,B,B-3-2,○,○,○,低,×,段,×,×,ストレッチ製品の為、納期の1週間前で生産を計画
358034M5,MB-ｵﾘﾝﾋﾟｱｼｰﾄL(CNT),×,-,×,-,限定,1700,285,ﾚﾝﾀﾙCNT,×,×,×,×,○,×,×,×,×,×,×,×,×,×,×,×,×,×,B,×,○,○,○,高,×,コンテナ,×,×,要員が必要な為、時間指定あり(7:20～23:00間で計画)
352933CP,ﾆﾕ-YCS ｽﾄﾚﾂﾁ720K(3),○,4000,○,3200,×,-,×,-,○,×,×,×,×,×,×,×,×,×,×,×,×,×,×,×,×,×,B,B-3-2,○,○,,低,○,段,×,×,ストレッチ製品の為、納期の1週間前で生産を計画
352933CQ,ﾆﾕ-YCS ｽﾄﾚﾂﾁ750K(3),○,4000,○,3200,×,-,×,-,○,×,×,×,×,×,×,×,×,×,×,×,×,×,×,×,×,×,B,B-3-2,○,○,○,低,○,段,×,×,ストレッチ製品の為、納期の1週間前で生産を計画
352933DP,ﾆﾕ-YCS ｽﾄﾚﾂﾁ720K(4),○,4000,○,3200,×,-,×,-,○,×,×,×,×,×,×,×,×,×,×,×,×,×,×,×,×,×,B,B-3-2,○,○,○,低,○,段,×,×,ストレッチ製品の為、納期の1週間前で生産を計画
352933DQ,ﾆﾕ-YCS ｽﾄﾚﾂﾁ750K(4),○,4000,○,3200,×,-,×,-,○,×,×,×,×,×,×,×,×,×,×,×,×,×,×,×,×,×,B,B-3-2,○,○,○,低,○,段,×,×,ストレッチ製品の為、納期の1週間前で生産を計画
